Workbook

Sheet Dashboard
A1: Cairo Repair TSX – Sales Performance Dashboard
A2: Source: Sales Tracker (Microsoft Forms) 22 Jul 2026 – 08 Oct 2026 + TSX Roster. Days are business days (shift 15:00 → 07:00 next morning). Change the yellow cells; every table, rank and chart recalculates.
A4: CONTROL PANEL | E4: Total Units | G4: XM Lines | I4: GSR Units | K4: Submissions | M4: Active Sellers
A5: From Date | C5: 46297 | E5: =SUMIFS(Sales_Data!$O$2:$O$3520,Sales_Data!$C$2:$C$3520,">="&Dashboard!$C$5,Sales_Data!$C$2:$C$3520,"<="&Dashboard!$C$6,Sales_Data!$H$2:$H$3520,Dashboard!$C$14,Sales_Data!$I$2:$I$3520,Dashboard!$C$15,Sales_Data!$AE$2:$AE$3520,1) -> 565 | G5: =SUMIFS(Sales_Data!$M$2:$M$3520,Sales_Data!$C$2:$C$3520,">="&Dashboard!$C$5,Sales_Data!$C$2:$C$3520,"<="&Dashboard!$C$6,Sales_Data!$H$2:$H$3520,Dashboard!$C$14,Sales_Data!$I$2:$I$3520,Dashboard!$C$15,Sales_Data!$AE$2:$AE$3520,1) -> 149 | I5: =SUMIFS(Sales_Data!$N$2:$N$3520,Sales_Data!$C$2:$C$3520,">="&Dashboard!$C$5,Sales_Data!$C$2:$C$3520,"<="&Dashboard!$C$6,Sales_Data!$H$2:$H$3520,Dashboard!$C$14,Sales_Data!$I$2:$I$3520,Dashboard!$C$15,Sales_Data!$AE$2:$AE$3520,1) -> 416 | K5: =SUMIFS(Sales_Data!$AE$2:$AE$3520,Sales_Data!$C$2:$C$3520,">="&Dashboard!$C$5,Sales_Data!$C$2:$C$3520,"<="&Dashboard!$C$6,Sales_Data!$H$2:$H$3520,Dashboard!$C$14,Sales_Data!$I$2:$I$3520,Dashboard!$C$15,Sales_Data!$AE$2:$AE$3520,1) -> 478 | M5: =COUNTIFS(Agent_Summary!$T$5:$T$254,1,Agent_Summary!$K$5:$K$254,">0") -> 138
A6: To Date | C6: 46303 | E6: =E5-(SUMIFS(Sales_Data!$O$2:$O$3520,Sales_Data!$C$2:$C$3520,">="&Dashboard!$C$12,Sales_Data!$C$2:$C$3520,"<="&Dashboard!$C$13,Sales_Data!$H$2:$H$3520,Dashboard!$C$14,Sales_Data!$I$2:$I$3520,Dashboard!$C$15,Sales_Data!$AE$2:$AE$3520,1)) -> 110 | G6: =G5-(SUMIFS(Sales_Data!$M$2:$M$3520,Sales_Data!$C$2:$C$3520,">="&Dashboard!$C$12,Sales_Data!$C$2:$C$3520,"<="&Dashboard!$C$13,Sales_Data!$H$2:$H$3520,Dashboard!$C$14,Sales_Data!$I$2:$I$3520,Dashboard!$C$15,Sales_Data!$AE$2:$AE$3520,1)) -> 23 | I6: =I5-(SUMIFS(Sales_Data!$N$2:$N$3520,Sales_Data!$C$2:$C$3520,">="&Dashboard!$C$12,Sales_Data!$C$2:$C$3520,"<="&Dashboard!$C$13,Sales_Data!$H$2:$H$3520,Dashboard!$C$14,Sales_Data!$I$2:$I$3520,Dashboard!$C$15,Sales_Data!$AE$2:$AE$3520,1)) -> 87 | K6: =K5-(SUMIFS(Sales_Data!$AE$2:$AE$3520,Sales_Data!$C$2:$C$3520,">="&Dashboard!$C$12,Sales_Data!$C$2:$C$3520,"<="&Dashboard!$C$13,Sales_Data!$H$2:$H$3520,Dashboard!$C$14,Sales_Data!$I$2:$I$3520,Dashboard!$C$15,Sales_Data!$AE$2:$AE$3520,1)) -> 70 | M6: =M5-(COUNTIFS(Agent_Summary!$T$5:$T$254,1,Agent_Summary!$N$5:$N$254,">0")) -> 31
A7: Ops Manager | C7: All | E7: vs prior period | G7: vs prior period | I7: vs prior period | K7: vs prior period | M7: vs prior period
A8: Team Leader | C8: All
A9: Exclude Duplicates? | C9: Yes | E9: Units / Active Seller | G9: Participation % (of HC in scope) | I9: XMC Attach % | K9: E-SIM Activation % | M9: Avg Units / Day
A10: Days in Period | C10: =C6-C5+1 -> 7 | E10: =IFERROR(SUMIFS(Sales_Data!$O$2:$O$3520,Sales_Data!$C$2:$C$3520,">="&Dashboard!$C$5,Sales_Data!$C$2:$C$3520,"<="&Dashboard!$C$6,Sales_Data!$H$2:$H$3520,Dashboard!$C$14,Sales_Data!$I$2:$I$3520,Dashboard!$C$15,Sales_Data!$AE$2:$AE$3520,1)/COUNTIFS(Agent_Summary!$T$5:$T$254,1,Agent_Summary!$K$5:$K$254,">0"),0) -> 4.0942029 | G10: =IFERROR(COUNTIFS(Agent_Summary!$T$5:$T$254,1,Agent_Summary!$K$5:$K$254,">0")/COUNTIF(Agent_Summary!$T$5:$T$254,1),0) -> 0.552 | I10: =IFERROR(COUNTIFS(Sales_Data!$C$2:$C$3520,">="&Dashboard!$C$5,Sales_Data!$C$2:$C$3520,"<="&Dashboard!$C$6,Sales_Data!$H$2:$H$3520,Dashboard!$C$14,Sales_Data!$I$2:$I$3520,Dashboard!$C$15,Sales_Data!$AE$2:$AE$3520,1,Sales_Data!$U$2:$U$3520,"Yes")/(COUNTIFS(Sales_Data!$C$2:$C$3520,">="&Dashboard!$C$5,Sales_Data!$C$2:$C$3520,"<="&Dashboard!$C$6,Sales_Data!$H$2:$H$3520,Dashboard!$C$14,Sales_Data!$I$2:$I$3520,Dashboard!$C$15,Sales_Data!$AE$2:$AE$3520,1,Sales_Data!$U$2:$U$3520,"Yes")+COUNTIFS(Sales_Data!$C$2:$C$3520,">="&Dashboard!$C$5,Sales_Data!$C$2:$C$3520,"<="&Dashboard!$C$6,Sales_Data!$H$2:$H$3520,Dashboard!$C$14,Sales_Data!$I$2:$I$3520,Dashboard!$C$15,Sales_Data!$AE$2:$AE$3520,1,Sales_Data!$U$2:$U$3520,"No")),0) -> 0.21969697 | K10: =IFERROR(COUNTIFS(Sales_Data!$C$2:$C$3520,">="&Dashboard!$C$5,Sales_Data!$C$2:$C$3520,"<="&Dashboard!$C$6,Sales_Data!$H$2:$H$3520,Dashboard!$C$14,Sales_Data!$I$2:$I$3520,Dashboard!$C$15,Sales_Data!$AE$2:$AE$3520,1,Sales_Data!$W$2:$W$3520,"Yes")/(COUNTIFS(Sales_Data!$C$2:$C$3520,">="&Dashboard!$C$5,Sales_Data!$C$2:$C$3520,"<="&Dashboard!$C$6,Sales_Data!$H$2:$H$3520,Dashboard!$C$14,Sales_Data!$I$2:$I$3520,Dashboard!$C$15,Sales_Data!$AE$2:$AE$3520,1,Sales_Data!$W$2:$W$3520,"Yes")+COUNTIFS(Sales_Data!$C$2:$C$3520,">="&Dashboard!$C$5,Sales_Data!$C$2:$C$3520,"<="&Dashboard!$C$6,Sales_Data!$H$2:$H$3520,Dashboard!$C$14,Sales_Data!$I$2:$I$3520,Dashboard!$C$15,Sales_Data!$AE$2:$AE$3520,1,Sales_Data!$W$2:$W$3520,"No")),0) -> 0.68 | M10: =IFERROR(SUMIFS(Sales_Data!$O$2:$O$3520,Sales_Data!$C$2:$C$3520,">="&Dashboard!$C$5,Sales_Data!$C$2:$C$3520,"<="&Dashboard!$C$6,Sales_Data!$H$2:$H$3520,Dashboard!$C$14,Sales_Data!$I$2:$I$3520,Dashboard!$C$15,Sales_Data!$AE$2:$AE$3520,1)/Dashboard!$C$10,0) -> 80.714286
A11: Prior Period (same length) | C11: =TEXT(C12,"dd-mmm")&" → "&TEXT(C13,"dd-mmm") -> 25-Sep → 01-Oct | E11: =E10-(IFERROR(SUMIFS(Sales_Data!$O$2:$O$3520,Sales_Data!$C$2:$C$3520,">="&Dashboard!$C$12,Sales_Data!$C$2:$C$3520,"<="&Dashboard!$C$13,Sales_Data!$H$2:$H$3520,Dashboard!$C$14,Sales_Data!$I$2:$I$3520,Dashboard!$C$15,Sales_Data!$AE$2:$AE$3520,1)/COUNTIFS(Agent_Summary!$T$5:$T$254,1,Agent_Summary!$N$5:$N$254,">0"),0)) -> -0.15813355 | G11: =G10-(IFERROR(COUNTIFS(Agent_Summary!$T$5:$T$254,1,Agent_Summary!$N$5:$N$254,">0")/COUNTIF(Agent_Summary!$T$5:$T$254,1),0)) -> 0.124 | I11: =I10-(IFERROR(COUNTIFS(Sales_Data!$C$2:$C$3520,">="&Dashboard!$C$12,Sales_Data!$C$2:$C$3520,"<="&Dashboard!$C$13,Sales_Data!$H$2:$H$3520,Dashboard!$C$14,Sales_Data!$I$2:$I$3520,Dashboard!$C$15,Sales_Data!$AE$2:$AE$3520,1,Sales_Data!$U$2:$U$3520,"Yes")/(COUNTIFS(Sales_Data!$C$2:$C$3520,">="&Dashboard!$C$12,Sales_Data!$C$2:$C$3520,"<="&Dashboard!$C$13,Sales_Data!$H$2:$H$3520,Dashboard!$C$14,Sales_Data!$I$2:$I$3520,Dashboard!$C$15,Sales_Data!$AE$2:$AE$3520,1,Sales_Data!$U$2:$U$3520,"Yes")+COUNTIFS(Sales_Data!$C$2:$C$3520,">="&Dashboard!$C$12,Sales_Data!$C$2:$C$3520,"<="&Dashboard!$C$13,Sales_Data!$H$2:$H$3520,Dashboard!$C$14,Sales_Data!$I$2:$I$3520,Dashboard!$C$15,Sales_Data!$AE$2:$AE$3520,1,Sales_Data!$U$2:$U$3520,"No")),0)) -> 0.071870883 | K11: =K10-(IFERROR(COUNTIFS(Sales_Data!$C$2:$C$3520,">="&Dashboard!$C$12,Sales_Data!$C$2:$C$3520,"<="&Dashboard!$C$13,Sales_Data!$H$2:$H$3520,Dashboard!$C$14,Sales_Data!$I$2:$I$3520,Dashboard!$C$15,Sales_Data!$AE$2:$AE$3520,1,Sales_Data!$W$2:$W$3520,"Yes")/(COUNTIFS(Sales_Data!$C$2:$C$3520,">="&Dashboard!$C$12,Sales_Data!$C$2:$C$3520,"<="&Dashboard!$C$13,Sales_Data!$H$2:$H$3520,Dashboard!$C$14,Sales_Data!$I$2:$I$3520,Dashboard!$C$15,Sales_Data!$AE$2:$AE$3520,1,Sales_Data!$W$2:$W$3520,"Yes")+COUNTIFS(Sales_Data!$C$2:$C$3520,">="&Dashboard!$C$12,Sales_Data!$C$2:$C$3520,"<="&Dashboard!$C$13,Sales_Data!$H$2:$H$3520,Dashboard!$C$14,Sales_Data!$I$2:$I$3520,Dashboard!$C$15,Sales_Data!$AE$2:$AE$3520,1,Sales_Data!$W$2:$W$3520,"No")),0)) -> -0.086990291 | M11: =M10-(IFERROR(SUMIFS(Sales_Data!$O$2:$O$3520,Sales_Data!$C$2:$C$3520,">="&Dashboard!$C$12,Sales_Data!$C$2:$C$3520,"<="&Dashboard!$C$13,Sales_Data!$H$2:$H$3520,Dashboard!$C$14,Sales_Data!$I$2:$I$3520,Dashboard!$C$15,Sales_Data!$AE$2:$AE$3520,1)/Dashboard!$C$10,0)) -> 15.714286
A12: Prior From | C12: =C5-C10 -> 46290 | E12: vs prior period | G12: vs prior period | I12: vs prior period | K12: vs prior period | M12: vs prior period
A13: Prior To | C13: =C5-1 -> 46296
A14: TL criterion | C14: =IF(C8="All","*",C8) -> *
A15: OM criterion | C15: =IF(C7="All","*",C7) -> *
A17: ACCOUNT LEVEL – LAST 8 DAYS DAY-OVER-DAY (whole account, ending at To Date)
A18: Date | B18: Weekday | C18: Submissions | D18: XM Lines | E18: GSR Units | F18: Total Units | G18: DoD Δ | H18: DoD % | I18: 7-Day Avg | J18: WoW % | K18: Active Sellers | L18: Units / Seller | M18: XMC Attach % | N18: E-SIM Act. %
A19: =$C$6-7 -> 46296 | B19: =IFERROR(INDEX(Daily_Account!$B$4:$B$82,MATCH($A19,Daily_Account!$A$4:$A$82,0)),"-") -> Thu | C19: =IFERROR(INDEX(Daily_Account!$C$4:$C$82,MATCH($A19,Daily_Account!$A$4:$A$82,0)),"-") -> 47 | D19: =IFERROR(INDEX(Daily_Account!$D$4:$D$82,MATCH($A19,Daily_Account!$A$4:$A$82,0)),"-") -> 14 | E19: =IFERROR(INDEX(Daily_Account!$E$4:$E$82,MATCH($A19,Daily_Account!$A$4:$A$82,0)),"-") -> 38 | F19: =IFERROR(INDEX(Daily_Account!$F$4:$F$82,MATCH($A19,Daily_Account!$A$4:$A$82,0)),"-") -> 52 | G19: =IFERROR(INDEX(Daily_Account!$G$4:$G$82,MATCH($A19,Daily_Account!$A$4:$A$82,0)),"-") -> -19 | H19: =IFERROR(INDEX(Daily_Account!$H$4:$H$82,MATCH($A19,Daily_Account!$A$4:$A$82,0)),"-") -> -0.26760563 | I19: =IFERROR(INDEX(Daily_Account!$I$4:$I$82,MATCH($A19,Daily_Account!$A$4:$A$82,0)),"-") -> 65 | J19: =IFERROR(INDEX(Daily_Account!$J$4:$J$82,MATCH($A19,Daily_Account!$A$4:$A$82,0)),"-") -> -0.37349398 | K19: =IFERROR(INDEX(Daily_Account!$K$4:$K$82,MATCH($A19,Daily_Account!$A$4:$A$82,0)),"-") -> 28 | L19: =IFERROR(INDEX(Daily_Account!$L$4:$L$82,MATCH($A19,Daily_Account!$A$4:$A$82,0)),"-") -> 1.8571429 | M19: =IFERROR(INDEX(Daily_Account!$O$4:$O$82,MATCH($A19,Daily_Account!$A$4:$A$82,0)),"-") -> 0.15384615 | N19: =IFERROR(INDEX(Daily_Account!$R$4:$R$82,MATCH($A19,Daily_Account!$A$4:$A$82,0)),"-") -> 0.5
A20: =$C$6-6 -> 46297 | B20: =IFERROR(INDEX(Daily_Account!$B$4:$B$82,MATCH($A20,Daily_Account!$A$4:$A$82,0)),"-") -> Fri | C20: =IFERROR(INDEX(Daily_Account!$C$4:$C$82,MATCH($A20,Daily_Account!$A$4:$A$82,0)),"-") -> 52 | D20: =IFERROR(INDEX(Daily_Account!$D$4:$D$82,MATCH($A20,Daily_Account!$A$4:$A$82,0)),"-") -> 14 | E20: =IFERROR(INDEX(Daily_Account!$E$4:$E$82,MATCH($A20,Daily_Account!$A$4:$A$82,0)),"-") -> 45 | F20: =IFERROR(INDEX(Daily_Account!$F$4:$F$82,MATCH($A20,Daily_Account!$A$4:$A$82,0)),"-") -> 59 | G20: =IFERROR(INDEX(Daily_Account!$G$4:$G$82,MATCH($A20,Daily_Account!$A$4:$A$82,0)),"-") -> 7 | H20: =IFERROR(INDEX(Daily_Account!$H$4:$H$82,MATCH($A20,Daily_Account!$A$4:$A$82,0)),"-") -> 0.13461538 | I20: =IFERROR(INDEX(Daily_Account!$I$4:$I$82,MATCH($A20,Daily_Account!$A$4:$A$82,0)),"-") -> 63.571429 | J20: =IFERROR(INDEX(Daily_Account!$J$4:$J$82,MATCH($A20,Daily_Account!$A$4:$A$82,0)),"-") -> -0.14492754 | K20: =IFERROR(INDEX(Daily_Account!$K$4:$K$82,MATCH($A20,Daily_Account!$A$4:$A$82,0)),"-") -> 40 | L20: =IFERROR(INDEX(Daily_Account!$L$4:$L$82,MATCH($A20,Daily_Account!$A$4:$A$82,0)),"-") -> 1.475 | M20: =IFERROR(INDEX(Daily_Account!$O$4:$O$82,MATCH($A20,Daily_Account!$A$4:$A$82,0)),"-") -> 0.071428571 | N20: =IFERROR(INDEX(Daily_Account!$R$4:$R$82,MATCH($A20,Daily_Account!$A$4:$A$82,0)),"-") -> 1
A21: =$C$6-5 -> 46298 | B21: =IFERROR(INDEX(Daily_Account!$B$4:$B$82,MATCH($A21,Daily_Account!$A$4:$A$82,0)),"-") -> Sat | C21: =IFERROR(INDEX(Daily_Account!$C$4:$C$82,MATCH($A21,Daily_Account!$A$4:$A$82,0)),"-") -> 61 | D21: =IFERROR(INDEX(Daily_Account!$D$4:$D$82,MATCH($A21,Daily_Account!$A$4:$A$82,0)),"-") -> 31 | E21: =IFERROR(INDEX(Daily_Account!$E$4:$E$82,MATCH($A21,Daily_Account!$A$4:$A$82,0)),"-") -> 56 | F21: =IFERROR(INDEX(Daily_Account!$F$4:$F$82,MATCH($A21,Daily_Account!$A$4:$A$82,0)),"-") -> 87 | G21: =IFERROR(INDEX(Daily_Account!$G$4:$G$82,MATCH($A21,Daily_Account!$A$4:$A$82,0)),"-") -> 28 | H21: =IFERROR(INDEX(Daily_Account!$H$4:$H$82,MATCH($A21,Daily_Account!$A$4:$A$82,0)),"-") -> 0.47457627 | I21: =IFERROR(INDEX(Daily_Account!$I$4:$I$82,MATCH($A21,Daily_Account!$A$4:$A$82,0)),"-") -> 67.285714 | J21: =IFERROR(INDEX(Daily_Account!$J$4:$J$82,MATCH($A21,Daily_Account!$A$4:$A$82,0)),"-") -> 0.42622951 | K21: =IFERROR(INDEX(Daily_Account!$K$4:$K$82,MATCH($A21,Daily_Account!$A$4:$A$82,0)),"-") -> 33 | L21: =IFERROR(INDEX(Daily_Account!$L$4:$L$82,MATCH($A21,Daily_Account!$A$4:$A$82,0)),"-") -> 2.6363636 | M21: =IFERROR(INDEX(Daily_Account!$O$4:$O$82,MATCH($A21,Daily_Account!$A$4:$A$82,0)),"-") -> 0.33333333 | N21: =IFERROR(INDEX(Daily_Account!$R$4:$R$82,MATCH($A21,Daily_Account!$A$4:$A$82,0)),"-") -> 0.85
A22: =$C$6-4 -> 46299 | B22: =IFERROR(INDEX(Daily_Account!$B$4:$B$82,MATCH($A22,Daily_Account!$A$4:$A$82,0)),"-") -> Sun | C22: =IFERROR(INDEX(Daily_Account!$C$4:$C$82,MATCH($A22,Daily_Account!$A$4:$A$82,0)),"-") -> 43 | D22: =IFERROR(INDEX(Daily_Account!$D$4:$D$82,MATCH($A22,Daily_Account!$A$4:$A$82,0)),"-") -> 15 | E22: =IFERROR(INDEX(Daily_Account!$E$4:$E$82,MATCH($A22,Daily_Account!$A$4:$A$82,0)),"-") -> 34 | F22: =IFERROR(INDEX(Daily_Account!$F$4:$F$82,MATCH($A22,Daily_Account!$A$4:$A$82,0)),"-") -> 49 | G22: =IFERROR(INDEX(Daily_Account!$G$4:$G$82,MATCH($A22,Daily_Account!$A$4:$A$82,0)),"-") -> -38 | H22: =IFERROR(INDEX(Daily_Account!$H$4:$H$82,MATCH($A22,Daily_Account!$A$4:$A$82,0)),"-") -> -0.43678161 | I22: =IFERROR(INDEX(Daily_Account!$I$4:$I$82,MATCH($A22,Daily_Account!$A$4:$A$82,0)),"-") -> 67 | J22: =IFERROR(INDEX(Daily_Account!$J$4:$J$82,MATCH($A22,Daily_Account!$A$4:$A$82,0)),"-") -> -0.039215686 | K22: =IFERROR(INDEX(Daily_Account!$K$4:$K$82,MATCH($A22,Daily_Account!$A$4:$A$82,0)),"-") -> 23 | L22: =IFERROR(INDEX(Daily_Account!$L$4:$L$82,MATCH($A22,Daily_Account!$A$4:$A$82,0)),"-") -> 2.1304348 | M22: =IFERROR(INDEX(Daily_Account!$O$4:$O$82,MATCH($A22,Daily_Account!$A$4:$A$82,0)),"-") -> 0.071428571 | N22: =IFERROR(INDEX(Daily_Account!$R$4:$R$82,MATCH($A22,Daily_Account!$A$4:$A$82,0)),"-") -> 0.83333333
A23: =$C$6-3 -> 46300 | B23: =IFERROR(INDEX(Daily_Account!$B$4:$B$82,MATCH($A23,Daily_Account!$A$4:$A$82,0)),"-") -> Mon | C23: =IFERROR(INDEX(Daily_Account!$C$4:$C$82,MATCH($A23,Daily_Account!$A$4:$A$82,0)),"-") -> 58 | D23: =IFERROR(INDEX(Daily_Account!$D$4:$D$82,MATCH($A23,Daily_Account!$A$4:$A$82,0)),"-") -> 18 | E23: =IFERROR(INDEX(Daily_Account!$E$4:$E$82,MATCH($A23,Daily_Account!$A$4:$A$82,0)),"-") -> 51 | F23: =IFERROR(INDEX(Daily_Account!$F$4:$F$82,MATCH($A23,Daily_Account!$A$4:$A$82,0)),"-") -> 69 | G23: =IFERROR(INDEX(Daily_Account!$G$4:$G$82,MATCH($A23,Daily_Account!$A$4:$A$82,0)),"-") -> 20 | H23: =IFERROR(INDEX(Daily_Account!$H$4:$H$82,MATCH($A23,Daily_Account!$A$4:$A$82,0)),"-") -> 0.40816327 | I23: =IFERROR(INDEX(Daily_Account!$I$4:$I$82,MATCH($A23,Daily_Account!$A$4:$A$82,0)),"-") -> 66.571429 | J23: =IFERROR(INDEX(Daily_Account!$J$4:$J$82,MATCH($A23,Daily_Account!$A$4:$A$82,0)),"-") -> -0.041666667 | K23: =IFERROR(INDEX(Daily_Account!$K$4:$K$82,MATCH($A23,Daily_Account!$A$4:$A$82,0)),"-") -> 40 | L23: =IFERROR(INDEX(Daily_Account!$L$4:$L$82,MATCH($A23,Daily_Account!$A$4:$A$82,0)),"-") -> 1.725 | M23: =IFERROR(INDEX(Daily_Account!$O$4:$O$82,MATCH($A23,Daily_Account!$A$4:$A$82,0)),"-") -> 0.4 | N23: =IFERROR(INDEX(Daily_Account!$R$4:$R$82,MATCH($A23,Daily_Account!$A$4:$A$82,0)),"-") -> 0.73333333
A24: =$C$6-2 -> 46301 | B24: =IFERROR(INDEX(Daily_Account!$B$4:$B$82,MATCH($A24,Daily_Account!$A$4:$A$82,0)),"-") -> Tue | C24: =IFERROR(INDEX(Daily_Account!$C$4:$C$82,MATCH($A24,Daily_Account!$A$4:$A$82,0)),"-") -> 51 | D24: =IFERROR(INDEX(Daily_Account!$D$4:$D$82,MATCH($A24,Daily_Account!$A$4:$A$82,0)),"-") -> 19 | E24: =IFERROR(INDEX(Daily_Account!$E$4:$E$82,MATCH($A24,Daily_Account!$A$4:$A$82,0)),"-") -> 34 | F24: =IFERROR(INDEX(Daily_Account!$F$4:$F$82,MATCH($A24,Daily_Account!$A$4:$A$82,0)),"-") -> 53 | G24: =IFERROR(INDEX(Daily_Account!$G$4:$G$82,MATCH($A24,Daily_Account!$A$4:$A$82,0)),"-") -> -16 | H24: =IFERROR(INDEX(Daily_Account!$H$4:$H$82,MATCH($A24,Daily_Account!$A$4:$A$82,0)),"-") -> -0.23188406 | I24: =IFERROR(INDEX(Daily_Account!$I$4:$I$82,MATCH($A24,Daily_Account!$A$4:$A$82,0)),"-") -> 62.857143 | J24: =IFERROR(INDEX(Daily_Account!$J$4:$J$82,MATCH($A24,Daily_Account!$A$4:$A$82,0)),"-") -> -0.32911392 | K24: =IFERROR(INDEX(Daily_Account!$K$4:$K$82,MATCH($A24,Daily_Account!$A$4:$A$82,0)),"-") -> 38 | L24: =IFERROR(INDEX(Daily_Account!$L$4:$L$82,MATCH($A24,Daily_Account!$A$4:$A$82,0)),"-") -> 1.3947368 | M24: =IFERROR(INDEX(Daily_Account!$O$4:$O$82,MATCH($A24,Daily_Account!$A$4:$A$82,0)),"-") -> 0.10526316 | N24: =IFERROR(INDEX(Daily_Account!$R$4:$R$82,MATCH($A24,Daily_Account!$A$4:$A$82,0)),"-") -> 0.5
A25: =$C$6-1 -> 46302 | B25: =IFERROR(INDEX(Daily_Account!$B$4:$B$82,MATCH($A25,Daily_Account!$A$4:$A$82,0)),"-") -> Wed | C25: =IFERROR(INDEX(Daily_Account!$C$4:$C$82,MATCH($A25,Daily_Account!$A$4:$A$82,0)),"-") -> 108 | D25: =IFERROR(INDEX(Daily_Account!$D$4:$D$82,MATCH($A25,Daily_Account!$A$4:$A$82,0)),"-") -> 28 | E25: =IFERROR(INDEX(Daily_Account!$E$4:$E$82,MATCH($A25,Daily_Account!$A$4:$A$82,0)),"-") -> 97 | F25: =IFERROR(INDEX(Daily_Account!$F$4:$F$82,MATCH($A25,Daily_Account!$A$4:$A$82,0)),"-") -> 125 | G25: =IFERROR(INDEX(Daily_Account!$G$4:$G$82,MATCH($A25,Daily_Account!$A$4:$A$82,0)),"-") -> 72 | H25: =IFERROR(INDEX(Daily_Account!$H$4:$H$82,MATCH($A25,Daily_Account!$A$4:$A$82,0)),"-") -> 1.3584906 | I25: =IFERROR(INDEX(Daily_Account!$I$4:$I$82,MATCH($A25,Daily_Account!$A$4:$A$82,0)),"-") -> 70.571429 | J25: =IFERROR(INDEX(Daily_Account!$J$4:$J$82,MATCH($A25,Daily_Account!$A$4:$A$82,0)),"-") -> 0.76056338 | K25: =IFERROR(INDEX(Daily_Account!$K$4:$K$82,MATCH($A25,Daily_Account!$A$4:$A$82,0)),"-") -> 69 | L25: =IFERROR(INDEX(Daily_Account!$L$4:$L$82,MATCH($A25,Daily_Account!$A$4:$A$82,0)),"-") -> 1.8115942 | M25: =IFERROR(INDEX(Daily_Account!$O$4:$O$82,MATCH($A25,Daily_Account!$A$4:$A$82,0)),"-") -> 0.26923077 | N25: =IFERROR(INDEX(Daily_Account!$R$4:$R$82,MATCH($A25,Daily_Account!$A$4:$A$82,0)),"-") -> 0.57692308
A26: =$C$6-0 -> 46303 | B26: =IFERROR(INDEX(Daily_Account!$B$4:$B$82,MATCH($A26,Daily_Account!$A$4:$A$82,0)),"-") -> Thu | C26: =IFERROR(INDEX(Daily_Account!$C$4:$C$82,MATCH($A26,Daily_Account!$A$4:$A$82,0)),"-") -> 105 | D26: =IFERROR(INDEX(Daily_Account!$D$4:$D$82,MATCH($A26,Daily_Account!$A$4:$A$82,0)),"-") -> 24 | E26: =IFERROR(INDEX(Daily_Account!$E$4:$E$82,MATCH($A26,Daily_Account!$A$4:$A$82,0)),"-") -> 99 | F26: =IFERROR(INDEX(Daily_Account!$F$4:$F$82,MATCH($A26,Daily_Account!$A$4:$A$82,0)),"-") -> 123 | G26: =IFERROR(INDEX(Daily_Account!$G$4:$G$82,MATCH($A26,Daily_Account!$A$4:$A$82,0)),"-") -> -2 | H26: =IFERROR(INDEX(Daily_Account!$H$4:$H$82,MATCH($A26,Daily_Account!$A$4:$A$82,0)),"-") -> -0.016 | I26: =IFERROR(INDEX(Daily_Account!$I$4:$I$82,MATCH($A26,Daily_Account!$A$4:$A$82,0)),"-") -> 80.714286 | J26: =IFERROR(INDEX(Daily_Account!$J$4:$J$82,MATCH($A26,Daily_Account!$A$4:$A$82,0)),"-") -> 1.3653846 | K26: =IFERROR(INDEX(Daily_Account!$K$4:$K$82,MATCH($A26,Daily_Account!$A$4:$A$82,0)),"-") -> 68 | L26: =IFERROR(INDEX(Daily_Account!$L$4:$L$82,MATCH($A26,Daily_Account!$A$4:$A$82,0)),"-") -> 1.8088235 | M26: =IFERROR(INDEX(Daily_Account!$O$4:$O$82,MATCH($A26,Daily_Account!$A$4:$A$82,0)),"-") -> 0.2173913 | N26: =IFERROR(INDEX(Daily_Account!$R$4:$R$82,MATCH($A26,Daily_Account!$A$4:$A$82,0)),"-") -> 0.45454545
A28: LEADER SCORECARD – selected period (Ops Manager filter applies; Team Leader filter ignored here so leaders stay comparable)
A29: Rank | B29: Team Leader | C29: Ops Manager | D29: HC | E29: Submissions | F29: XM Lines | G29: GSR Units | H29: Total Units | I29: Units / HC | J29: Active Sellers | K29: Participation % | L29: Prior Period Units | M29: Δ vs Prior | N29: Δ %
A30: =IF(H30=0,"-",RANK(H30,$H$30:$H$43)) -> 3 | B30: Ahmed Aboelgoud | C30: Ramadan Gamal / Mohamed Radwan | D30: =COUNTIF(Roster!$D$2:$D$251,$B30) -> 23 | E30: =SUMIFS(Sales_Data!$AE$2:$AE$3520,Sales_Data!$C$2:$C$3520,">="&$C$5,Sales_Data!$C$2:$C$3520,"<="&$C$6,Sales_Data!$H$2:$H$3520,$B30,Sales_Data!$I$2:$I$3520,$C$15) -> 67 | F30: =SUMIFS(Sales_Data!$M$2:$M$3520,Sales_Data!$C$2:$C$3520,">="&$C$5,Sales_Data!$C$2:$C$3520,"<="&$C$6,Sales_Data!$H$2:$H$3520,$B30,Sales_Data!$I$2:$I$3520,$C$15,Sales_Data!$AE$2:$AE$3520,1) -> 17 | G30: =SUMIFS(Sales_Data!$N$2:$N$3520,Sales_Data!$C$2:$C$3520,">="&$C$5,Sales_Data!$C$2:$C$3520,"<="&$C$6,Sales_Data!$H$2:$H$3520,$B30,Sales_Data!$I$2:$I$3520,$C$15,Sales_Data!$AE$2:$AE$3520,1) -> 58 | H30: =F30+G30 -> 75 | I30: =IFERROR(H30/D30,0) -> 3.2608696 | J30: =COUNTIFS(Agent_Summary!$C$5:$C$254,$B30,Agent_Summary!$D$5:$D$254,$C$15,Agent_Summary!$K$5:$K$254,">0") -> 18 | K30: =IFERROR(J30/D30,0) -> 0.7826087 | L30: =SUMIFS(Sales_Data!$O$2:$O$3520,Sales_Data!$C$2:$C$3520,">="&$C$12,Sales_Data!$C$2:$C$3520,"<="&$C$13,Sales_Data!$H$2:$H$3520,$B30,Sales_Data!$I$2:$I$3520,$C$15,Sales_Data!$AE$2:$AE$3520,1) -> 78 | M30: =H30-L30 -> -3 | N30: =IF(L30=0,"-",(H30-L30)/L30) -> -0.038461538
A31: =IF(H31=0,"-",RANK(H31,$H$30:$H$43)) -> 7 | B31: Anas Sami | C31: Bishoy Mourad | D31: =COUNTIF(Roster!$D$2:$D$251,$B31) -> 16 | E31: =SUMIFS(Sales_Data!$AE$2:$AE$3520,Sales_Data!$C$2:$C$3520,">="&$C$5,Sales_Data!$C$2:$C$3520,"<="&$C$6,Sales_Data!$H$2:$H$3520,$B31,Sales_Data!$I$2:$I$3520,$C$15) -> 31 | F31: =SUMIFS(Sales_Data!$M$2:$M$3520,Sales_Data!$C$2:$C$3520,">="&$C$5,Sales_Data!$C$2:$C$3520,"<="&$C$6,Sales_Data!$H$2:$H$3520,$B31,Sales_Data!$I$2:$I$3520,$C$15,Sales_Data!$AE$2:$AE$3520,1) -> 8 | G31: =SUMIFS(Sales_Data!$N$2:$N$3520,Sales_Data!$C$2:$C$3520,">="&$C$5,Sales_Data!$C$2:$C$3520,"<="&$C$6,Sales_Data!$H$2:$H$3520,$B31,Sales_Data!$I$2:$I$3520,$C$15,Sales_Data!$AE$2:$AE$3520,1) -> 34 | H31: =F31+G31 -> 42 | I31: =IFERROR(H31/D31,0) -> 2.625 | J31: =COUNTIFS(Agent_Summary!$C$5:$C$254,$B31,Agent_Summary!$D$5:$D$254,$C$15,Agent_Summary!$K$5:$K$254,">0") -> 13 | K31: =IFERROR(J31/D31,0) -> 0.8125 | L31: =SUMIFS(Sales_Data!$O$2:$O$3520,Sales_Data!$C$2:$C$3520,">="&$C$12,Sales_Data!$C$2:$C$3520,"<="&$C$13,Sales_Data!$H$2:$H$3520,$B31,Sales_Data!$I$2:$I$3520,$C$15,Sales_Data!$AE$2:$AE$3520,1) -> 36 | M31: =H31-L31 -> 6 | N31: =IF(L31=0,"-",(H31-L31)/L31) -> 0.16666667
A32: =IF(H32=0,"-",RANK(H32,$H$30:$H$43)) -> 8 | B32: Essam Medhat | C32: Ramadan Gamal | D32: =COUNTIF(Roster!$D$2:$D$251,$B32) -> 13 | E32: =SUMIFS(Sales_Data!$AE$2:$AE$3520,Sales_Data!$C$2:$C$3520,">="&$C$5,Sales_Data!$C$2:$C$3520,"<="&$C$6,Sales_Data!$H$2:$H$3520,$B32,Sales_Data!$I$2:$I$3520,$C$15) -> 25 | F32: =SUMIFS(Sales_Data!$M$2:$M$3520,Sales_Data!$C$2:$C$3520,">="&$C$5,Sales_Data!$C$2:$C$3520,"<="&$C$6,Sales_Data!$H$2:$H$3520,$B32,Sales_Data!$I$2:$I$3520,$C$15,Sales_Data!$AE$2:$AE$3520,1) -> 10 | G32: =SUMIFS(Sales_Data!$N$2:$N$3520,Sales_Data!$C$2:$C$3520,">="&$C$5,Sales_Data!$C$2:$C$3520,"<="&$C$6,Sales_Data!$H$2:$H$3520,$B32,Sales_Data!$I$2:$I$3520,$C$15,Sales_Data!$AE$2:$AE$3520,1) -> 15 | H32: =F32+G32 -> 25 | I32: =IFERROR(H32/D32,0) -> 1.9230769 | J32: =COUNTIFS(Agent_Summary!$C$5:$C$254,$B32,Agent_Summary!$D$5:$D$254,$C$15,Agent_Summary!$K$5:$K$254,">0") -> 11 | K32: =IFERROR(J32/D32,0) -> 0.84615385 | L32: =SUMIFS(Sales_Data!$O$2:$O$3520,Sales_Data!$C$2:$C$3520,">="&$C$12,Sales_Data!$C$2:$C$3520,"<="&$C$13,Sales_Data!$H$2:$H$3520,$B32,Sales_Data!$I$2:$I$3520,$C$15,Sales_Data!$AE$2:$AE$3520,1) -> 23 | M32: =H32-L32 -> 2 | N32: =IF(L32=0,"-",(H32-L32)/L32) -> 0.086956522
A33: =IF(H33=0,"-",RANK(H33,$H$30:$H$43)) -> 11 | B33: Islam Farouk | C33: Ramadan Gamal | D33: =COUNTIF(Roster!$D$2:$D$251,$B33) -> 15 | E33: =SUMIFS(Sales_Data!$AE$2:$AE$3520,Sales_Data!$C$2:$C$3520,">="&$C$5,Sales_Data!$C$2:$C$3520,"<="&$C$6,Sales_Data!$H$2:$H$3520,$B33,Sales_Data!$I$2:$I$3520,$C$15) -> 14 | F33: =SUMIFS(Sales_Data!$M$2:$M$3520,Sales_Data!$C$2:$C$3520,">="&$C$5,Sales_Data!$C$2:$C$3520,"<="&$C$6,Sales_Data!$H$2:$H$3520,$B33,Sales_Data!$I$2:$I$3520,$C$15,Sales_Data!$AE$2:$AE$3520,1) -> 6 | G33: =SUMIFS(Sales_Data!$N$2:$N$3520,Sales_Data!$C$2:$C$3520,">="&$C$5,Sales_Data!$C$2:$C$3520,"<="&$C$6,Sales_Data!$H$2:$H$3520,$B33,Sales_Data!$I$2:$I$3520,$C$15,Sales_Data!$AE$2:$AE$3520,1) -> 10 | H33: =F33+G33 -> 16 | I33: =IFERROR(H33/D33,0) -> 1.0666667 | J33: =COUNTIFS(Agent_Summary!$C$5:$C$254,$B33,Agent_Summary!$D$5:$D$254,$C$15,Agent_Summary!$K$5:$K$254,">0") -> 6 | K33: =IFERROR(J33/D33,0) -> 0.4 | L33: =SUMIFS(Sales_Data!$O$2:$O$3520,Sales_Data!$C$2:$C$3520,">="&$C$12,Sales_Data!$C$2:$C$3520,"<="&$C$13,Sales_Data!$H$2:$H$3520,$B33,Sales_Data!$I$2:$I$3520,$C$15,Sales_Data!$AE$2:$AE$3520,1) -> 3 | M33: =H33-L33 -> 13 | N33: =IF(L33=0,"-",(H33-L33)/L33) -> 4.3333333
A34: =IF(H34=0,"-",RANK(H34,$H$30:$H$43)) -> 8 | B34: Mina Milad | C34: Bishoy Mourad | D34: =COUNTIF(Roster!$D$2:$D$251,$B34) -> 17 | E34: =SUMIFS(Sales_Data!$AE$2:$AE$3520,Sales_Data!$C$2:$C$3520,">="&$C$5,Sales_Data!$C$2:$C$3520,"<="&$C$6,Sales_Data!$H$2:$H$3520,$B34,Sales_Data!$I$2:$I$3520,$C$15) -> 24 | F34: =SUMIFS(Sales_Data!$M$2:$M$3520,Sales_Data!$C$2:$C$3520,">="&$C$5,Sales_Data!$C$2:$C$3520,"<="&$C$6,Sales_Data!$H$2:$H$3520,$B34,Sales_Data!$I$2:$I$3520,$C$15,Sales_Data!$AE$2:$AE$3520,1) -> 6 | G34: =SUMIFS(Sales_Data!$N$2:$N$3520,Sales_Data!$C$2:$C$3520,">="&$C$5,Sales_Data!$C$2:$C$3520,"<="&$C$6,Sales_Data!$H$2:$H$3520,$B34,Sales_Data!$I$2:$I$3520,$C$15,Sales_Data!$AE$2:$AE$3520,1) -> 19 | H34: =F34+G34 -> 25 | I34: =IFERROR(H34/D34,0) -> 1.4705882 | J34: =COUNTIFS(Agent_Summary!$C$5:$C$254,$B34,Agent_Summary!$D$5:$D$254,$C$15,Agent_Summary!$K$5:$K$254,">0") -> 12 | K34: =IFERROR(J34/D34,0) -> 0.70588235 | L34: =SUMIFS(Sales_Data!$O$2:$O$3520,Sales_Data!$C$2:$C$3520,">="&$C$12,Sales_Data!$C$2:$C$3520,"<="&$C$13,Sales_Data!$H$2:$H$3520,$B34,Sales_Data!$I$2:$I$3520,$C$15,Sales_Data!$AE$2:$AE$3520,1) -> 29 | M34: =H34-L34 -> -4 | N34: =IF(L34=0,"-",(H34-L34)/L34) -> -0.13793103
A35: =IF(H35=0,"-",RANK(H35,$H$30:$H$43)) -> 6 | B35: Mohamed Ashour | C35: Bishoy Mourad | D35: =COUNTIF(Roster!$D$2:$D$251,$B35) -> 15 | E35: =SUMIFS(Sales_Data!$AE$2:$AE$3520,Sales_Data!$C$2:$C$3520,">="&$C$5,Sales_Data!$C$2:$C$3520,"<="&$C$6,Sales_Data!$H$2:$H$3520,$B35,Sales_Data!$I$2:$I$3520,$C$15) -> 41 | F35: =SUMIFS(Sales_Data!$M$2:$M$3520,Sales_Data!$C$2:$C$3520,">="&$C$5,Sales_Data!$C$2:$C$3520,"<="&$C$6,Sales_Data!$H$2:$H$3520,$B35,Sales_Data!$I$2:$I$3520,$C$15,Sales_Data!$AE$2:$AE$3520,1) -> 15 | G35: =SUMIFS(Sales_Data!$N$2:$N$3520,Sales_Data!$C$2:$C$3520,">="&$C$5,Sales_Data!$C$2:$C$3520,"<="&$C$6,Sales_Data!$H$2:$H$3520,$B35,Sales_Data!$I$2:$I$3520,$C$15,Sales_Data!$AE$2:$AE$3520,1) -> 32 | H35: =F35+G35 -> 47 | I35: =IFERROR(H35/D35,0) -> 3.1333333 | J35: =COUNTIFS(Agent_Summary!$C$5:$C$254,$B35,Agent_Summary!$D$5:$D$254,$C$15,Agent_Summary!$K$5:$K$254,">0") -> 10 | K35: =IFERROR(J35/D35,0) -> 0.66666667 | L35: =SUMIFS(Sales_Data!$O$2:$O$3520,Sales_Data!$C$2:$C$3520,">="&$C$12,Sales_Data!$C$2:$C$3520,"<="&$C$13,Sales_Data!$H$2:$H$3520,$B35,Sales_Data!$I$2:$I$3520,$C$15,Sales_Data!$AE$2:$AE$3520,1) -> 46 | M35: =H35-L35 -> 1 | N35: =IF(L35=0,"-",(H35-L35)/L35) -> 0.02173913
A36: =IF(H36=0,"-",RANK(H36,$H$30:$H$43)) -> 10 | B36: Mohamed Kelany | C36: Bishoy Mourad | D36: =COUNTIF(Roster!$D$2:$D$251,$B36) -> 18 | E36: =SUMIFS(Sales_Data!$AE$2:$AE$3520,Sales_Data!$C$2:$C$3520,">="&$C$5,Sales_Data!$C$2:$C$3520,"<="&$C$6,Sales_Data!$H$2:$H$3520,$B36,Sales_Data!$I$2:$I$3520,$C$15) -> 17 | F36: =SUMIFS(Sales_Data!$M$2:$M$3520,Sales_Data!$C$2:$C$3520,">="&$C$5,Sales_Data!$C$2:$C$3520,"<="&$C$6,Sales_Data!$H$2:$H$3520,$B36,Sales_Data!$I$2:$I$3520,$C$15,Sales_Data!$AE$2:$AE$3520,1) -> 7 | G36: =SUMIFS(Sales_Data!$N$2:$N$3520,Sales_Data!$C$2:$C$3520,">="&$C$5,Sales_Data!$C$2:$C$3520,"<="&$C$6,Sales_Data!$H$2:$H$3520,$B36,Sales_Data!$I$2:$I$3520,$C$15,Sales_Data!$AE$2:$AE$3520,1) -> 11 | H36: =F36+G36 -> 18 | I36: =IFERROR(H36/D36,0) -> 1 | J36: =COUNTIFS(Agent_Summary!$C$5:$C$254,$B36,Agent_Summary!$D$5:$D$254,$C$15,Agent_Summary!$K$5:$K$254,">0") -> 8 | K36: =IFERROR(J36/D36,0) -> 0.44444444 | L36: =SUMIFS(Sales_Data!$O$2:$O$3520,Sales_Data!$C$2:$C$3520,">="&$C$12,Sales_Data!$C$2:$C$3520,"<="&$C$13,Sales_Data!$H$2:$H$3520,$B36,Sales_Data!$I$2:$I$3520,$C$15,Sales_Data!$AE$2:$AE$3520,1) -> 4 | M36: =H36-L36 -> 14 | N36: =IF(L36=0,"-",(H36-L36)/L36) -> 3.5
A37: =IF(H37=0,"-",RANK(H37,$H$30:$H$43)) -> 12 | B37: Mostafa Mokhtar | C37: Ramadan Gamal | D37: =COUNTIF(Roster!$D$2:$D$251,$B37) -> 19 | E37: =SUMIFS(Sales_Data!$AE$2:$AE$3520,Sales_Data!$C$2:$C$3520,">="&$C$5,Sales_Data!$C$2:$C$3520,"<="&$C$6,Sales_Data!$H$2:$H$3520,$B37,Sales_Data!$I$2:$I$3520,$C$15) -> 9 | F37: =SUMIFS(Sales_Data!$M$2:$M$3520,Sales_Data!$C$2:$C$3520,">="&$C$5,Sales_Data!$C$2:$C$3520,"<="&$C$6,Sales_Data!$H$2:$H$3520,$B37,Sales_Data!$I$2:$I$3520,$C$15,Sales_Data!$AE$2:$AE$3520,1) -> 5 | G37: =SUMIFS(Sales_Data!$N$2:$N$3520,Sales_Data!$C$2:$C$3520,">="&$C$5,Sales_Data!$C$2:$C$3520,"<="&$C$6,Sales_Data!$H$2:$H$3520,$B37,Sales_Data!$I$2:$I$3520,$C$15,Sales_Data!$AE$2:$AE$3520,1) -> 6 | H37: =F37+G37 -> 11 | I37: =IFERROR(H37/D37,0) -> 0.57894737 | J37: =COUNTIFS(Agent_Summary!$C$5:$C$254,$B37,Agent_Summary!$D$5:$D$254,$C$15,Agent_Summary!$K$5:$K$254,">0") -> 5 | K37: =IFERROR(J37/D37,0) -> 0.26315789 | L37: =SUMIFS(Sales_Data!$O$2:$O$3520,Sales_Data!$C$2:$C$3520,">="&$C$12,Sales_Data!$C$2:$C$3520,"<="&$C$13,Sales_Data!$H$2:$H$3520,$B37,Sales_Data!$I$2:$I$3520,$C$15,Sales_Data!$AE$2:$AE$3520,1) -> 0 | M37: =H37-L37 -> 11 | N37: =IF(L37=0,"-",(H37-L37)/L37) -> -
A38: =IF(H38=0,"-",RANK(H38,$H$30:$H$43)) -> 2 | B38: Omar Mansour | C38: Ramadan Gamal | D38: =COUNTIF(Roster!$D$2:$D$251,$B38) -> 18 | E38: =SUMIFS(Sales_Data!$AE$2:$AE$3520,Sales_Data!$C$2:$C$3520,">="&$C$5,Sales_Data!$C$2:$C$3520,"<="&$C$6,Sales_Data!$H$2:$H$3520,$B38,Sales_Data!$I$2:$I$3520,$C$15) -> 65 | F38: =SUMIFS(Sales_Data!$M$2:$M$3520,Sales_Data!$C$2:$C$3520,">="&$C$5,Sales_Data!$C$2:$C$3520,"<="&$C$6,Sales_Data!$H$2:$H$3520,$B38,Sales_Data!$I$2:$I$3520,$C$15,Sales_Data!$AE$2:$AE$3520,1) -> 10 | G38: =SUMIFS(Sales_Data!$N$2:$N$3520,Sales_Data!$C$2:$C$3520,">="&$C$5,Sales_Data!$C$2:$C$3520,"<="&$C$6,Sales_Data!$H$2:$H$3520,$B38,Sales_Data!$I$2:$I$3520,$C$15,Sales_Data!$AE$2:$AE$3520,1) -> 66 | H38: =F38+G38 -> 76 | I38: =IFERROR(H38/D38,0) -> 4.2222222 | J38: =COUNTIFS(Agent_Summary!$C$5:$C$254,$B38,Agent_Summary!$D$5:$D$254,$C$15,Agent_Summary!$K$5:$K$254,">0") -> 16 | K38: =IFERROR(J38/D38,0) -> 0.88888889 | L38: =SUMIFS(Sales_Data!$O$2:$O$3520,Sales_Data!$C$2:$C$3520,">="&$C$12,Sales_Data!$C$2:$C$3520,"<="&$C$13,Sales_Data!$H$2:$H$3520,$B38,Sales_Data!$I$2:$I$3520,$C$15,Sales_Data!$AE$2:$AE$3520,1) -> 28 | M38: =H38-L38 -> 48 | N38: =IF(L38=0,"-",(H38-L38)/L38) -> 1.7142857
A39: =IF(H39=0,"-",RANK(H39,$H$30:$H$43)) -> 13 | B39: Omar Osama | C39: Ramadan Gamal | D39: =COUNTIF(Roster!$D$2:$D$251,$B39) -> 22 | E39: =SUMIFS(Sales_Data!$AE$2:$AE$3520,Sales_Data!$C$2:$C$3520,">="&$C$5,Sales_Data!$C$2:$C$3520,"<="&$C$6,Sales_Data!$H$2:$H$3520,$B39,Sales_Data!$I$2:$I$3520,$C$15) -> 1 | F39: =SUMIFS(Sales_Data!$M$2:$M$3520,Sales_Data!$C$2:$C$3520,">="&$C$5,Sales_Data!$C$2:$C$3520,"<="&$C$6,Sales_Data!$H$2:$H$3520,$B39,Sales_Data!$I$2:$I$3520,$C$15,Sales_Data!$AE$2:$AE$3520,1) -> 0 | G39: =SUMIFS(Sales_Data!$N$2:$N$3520,Sales_Data!$C$2:$C$3520,">="&$C$5,Sales_Data!$C$2:$C$3520,"<="&$C$6,Sales_Data!$H$2:$H$3520,$B39,Sales_Data!$I$2:$I$3520,$C$15,Sales_Data!$AE$2:$AE$3520,1) -> 1 | H39: =F39+G39 -> 1 | I39: =IFERROR(H39/D39,0) -> 0.045454545 | J39: =COUNTIFS(Agent_Summary!$C$5:$C$254,$B39,Agent_Summary!$D$5:$D$254,$C$15,Agent_Summary!$K$5:$K$254,">0") -> 1 | K39: =IFERROR(J39/D39,0) -> 0.045454545 | L39: =SUMIFS(Sales_Data!$O$2:$O$3520,Sales_Data!$C$2:$C$3520,">="&$C$12,Sales_Data!$C$2:$C$3520,"<="&$C$13,Sales_Data!$H$2:$H$3520,$B39,Sales_Data!$I$2:$I$3520,$C$15,Sales_Data!$AE$2:$AE$3520,1) -> 3 | M39: =H39-L39 -> -2 | N39: =IF(L39=0,"-",(H39-L39)/L39) -> -0.66666667
A40: =IF(H40=0,"-",RANK(H40,$H$30:$H$43)) -> 5 | B40: Rahma Samir | C40: Bishoy Mourad | D40: =COUNTIF(Roster!$D$2:$D$251,$B40) -> 22 | E40: =SUMIFS(Sales_Data!$AE$2:$AE$3520,Sales_Data!$C$2:$C$3520,">="&$C$5,Sales_Data!$C$2:$C$3520,"<="&$C$6,Sales_Data!$H$2:$H$3520,$B40,Sales_Data!$I$2:$I$3520,$C$15) -> 43 | F40: =SUMIFS(Sales_Data!$M$2:$M$3520,Sales_Data!$C$2:$C$3520,">="&$C$5,Sales_Data!$C$2:$C$3520,"<="&$C$6,Sales_Data!$H$2:$H$3520,$B40,Sales_Data!$I$2:$I$3520,$C$15,Sales_Data!$AE$2:$AE$3520,1) -> 11 | G40: =SUMIFS(Sales_Data!$N$2:$N$3520,Sales_Data!$C$2:$C$3520,">="&$C$5,Sales_Data!$C$2:$C$3520,"<="&$C$6,Sales_Data!$H$2:$H$3520,$B40,Sales_Data!$I$2:$I$3520,$C$15,Sales_Data!$AE$2:$AE$3520,1) -> 43 | H40: =F40+G40 -> 54 | I40: =IFERROR(H40/D40,0) -> 2.4545455 | J40: =COUNTIFS(Agent_Summary!$C$5:$C$254,$B40,Agent_Summary!$D$5:$D$254,$C$15,Agent_Summary!$K$5:$K$254,">0") -> 13 | K40: =IFERROR(J40/D40,0) -> 0.59090909 | L40: =SUMIFS(Sales_Data!$O$2:$O$3520,Sales_Data!$C$2:$C$3520,">="&$C$12,Sales_Data!$C$2:$C$3520,"<="&$C$13,Sales_Data!$H$2:$H$3520,$B40,Sales_Data!$I$2:$I$3520,$C$15,Sales_Data!$AE$2:$AE$3520,1) -> 31 | M40: =H40-L40 -> 23 | N40: =IF(L40=0,"-",(H40-L40)/L40) -> 0.74193548
A41: =IF(H41=0,"-",RANK(H41,$H$30:$H$43)) -> 1 | B41: Salma Ahmed | C41: Ramadan Gamal | D41: =COUNTIF(Roster!$D$2:$D$251,$B41) -> 17 | E41: =SUMIFS(Sales_Data!$AE$2:$AE$3520,Sales_Data!$C$2:$C$3520,">="&$C$5,Sales_Data!$C$2:$C$3520,"<="&$C$6,Sales_Data!$H$2:$H$3520,$B41,Sales_Data!$I$2:$I$3520,$C$15) -> 61 | F41: =SUMIFS(Sales_Data!$M$2:$M$3520,Sales_Data!$C$2:$C$3520,">="&$C$5,Sales_Data!$C$2:$C$3520,"<="&$C$6,Sales_Data!$H$2:$H$3520,$B41,Sales_Data!$I$2:$I$3520,$C$15,Sales_Data!$AE$2:$AE$3520,1) -> 31 | G41: =SUMIFS(Sales_Data!$N$2:$N$3520,Sales_Data!$C$2:$C$3520,">="&$C$5,Sales_Data!$C$2:$C$3520,"<="&$C$6,Sales_Data!$H$2:$H$3520,$B41,Sales_Data!$I$2:$I$3520,$C$15,Sales_Data!$AE$2:$AE$3520,1) -> 54 | H41: =F41+G41 -> 85 | I41: =IFERROR(H41/D41,0) -> 5 | J41: =COUNTIFS(Agent_Summary!$C$5:$C$254,$B41,Agent_Summary!$D$5:$D$254,$C$15,Agent_Summary!$K$5:$K$254,">0") -> 13 | K41: =IFERROR(J41/D41,0) -> 0.76470588 | L41: =SUMIFS(Sales_Data!$O$2:$O$3520,Sales_Data!$C$2:$C$3520,">="&$C$12,Sales_Data!$C$2:$C$3520,"<="&$C$13,Sales_Data!$H$2:$H$3520,$B41,Sales_Data!$I$2:$I$3520,$C$15,Sales_Data!$AE$2:$AE$3520,1) -> 75 | M41: =H41-L41 -> 10 | N41: =IF(L41=0,"-",(H41-L41)/L41) -> 0.13333333
... A43: =IF(H43=0,"-",RANK(H43,$H$30:$H$43)) -> - | B43: Taher Yehia | C43: Mohamed Radwan | D43: =COUNTIF(Roster!$D$2:$D$251,$B43) -> 19 | E43: =SUMIFS(Sales_Data!$AE$2:$AE$3520,Sales_Data!$C$2:$C$3520,">="&$C$5,Sales_Data!$C$2:$C$3520,"<="&$C$6,Sales_Data!$H$2:$H$3520,$B43,Sales_Data!$I$2:$I$3520,$C$15) -> 0 | F43: =SUMIFS(Sales_Data!$M$2:$M$3520,Sales_Data!$C$2:$C$3520,">="&$C$5,Sales_Data!$C$2:$C$3520,"<="&$C$6,Sales_Data!$H$2:$H$3520,$B43,Sales_Data!$I$2:$I$3520,$C$15,Sales_Data!$AE$2:$AE$3520,1) -> 0 | G43: =SUMIFS(Sales_Data!$N$2:$N$3520,Sales_Data!$C$2:$C$3520,">="&$C$5,Sales_Data!$C$2:$C$3520,"<="&$C$6,Sales_Data!$H$2:$H$3520,$B43,Sales_Data!$I$2:$I$3520,$C$15,Sales_Data!$AE$2:$AE$3520,1) -> 0 | H43: =F43+G43 -> 0 | I43: =IFERROR(H43/D43,0) -> 0 | J43: =COUNTIFS(Agent_Summary!$C$5:$C$254,$B43,Agent_Summary!$D$5:$D$254,$C$15,Agent_Summary!$K$5:$K$254,">0") -> 0 | K43: =IFERROR(J43/D43,0) -> 0 | L43: =SUMIFS(Sales_Data!$O$2:$O$3520,Sales_Data!$C$2:$C$3520,">="&$C$12,Sales_Data!$C$2:$C$3520,"<="&$C$13,Sales_Data!$H$2:$H$3520,$B43,Sales_Data!$I$2:$I$3520,$C$15,Sales_Data!$AE$2:$AE$3520,1) -> 0 | M43: =H43-L43 -> 0 | N43: =IF(L43=0,"-",(H43-L43)/L43) -> -
B44: ACCOUNT TOTAL (roster teams) | D44: =SUM(D30:D43) -> 250 | E44: =SUM(E30:E43) -> 449 | F44: =SUM(F30:F43) -> 140 | G44: =SUM(G30:G43) -> 394 | H44: =SUM(H30:H43) -> 534 | I44: =IFERROR(H44/D44,0) -> 2.136 | J44: =SUM(J30:J43) -> 138 | K44: =IFERROR(J44/D44,0) -> 0.552 | L44: =SUM(L30:L43) -> 432 | M44: =SUM(M30:M43) -> 102 | N44: =IF(L44=0,"-",(H44-L44)/L44) -> 0.23611111
B45: Not in Roster (unmatched HRIDs) | D45: - | E45: =SUMIFS(Sales_Data!$AE$2:$AE$3520,Sales_Data!$C$2:$C$3520,">="&$C$5,Sales_Data!$C$2:$C$3520,"<="&$C$6,Sales_Data!$AD$2:$AD$3520,0) -> 29 | F45: =SUMIFS(Sales_Data!$M$2:$M$3520,Sales_Data!$C$2:$C$3520,">="&$C$5,Sales_Data!$C$2:$C$3520,"<="&$C$6,Sales_Data!$AD$2:$AD$3520,0,Sales_Data!$AE$2:$AE$3520,1) -> 9 | G45: =SUMIFS(Sales_Data!$N$2:$N$3520,Sales_Data!$C$2:$C$3520,">="&$C$5,Sales_Data!$C$2:$C$3520,"<="&$C$6,Sales_Data!$AD$2:$AD$3520,0,Sales_Data!$AE$2:$AE$3520,1) -> 22 | H45: =F45+G45 -> 31 | I45: - | J45: - | K45: - | L45: =SUMIFS(Sales_Data!$O$2:$O$3520,Sales_Data!$C$2:$C$3520,">="&$C$12,Sales_Data!$C$2:$C$3520,"<="&$C$13,Sales_Data!$AD$2:$AD$3520,0,Sales_Data!$AE$2:$AE$3520,1) -> 23 | M45: =H45-L45 -> 8 | N45: -
A47: LEADER DAY-OVER-DAY – Total Units per leader for the last 7 days ending at To Date (Ops Manager filter applies)
A48: Rank (7d) | B48: Team Leader | C48: =$C$6-6 -> 46297 | D48: =$C$6-5 -> 46298 | E48: =$C$6-4 -> 46299 | F48: =$C$6-3 -> 46300 | G48: =$C$6-2 -> 46301 | H48: =$C$6-1 -> 46302 | I48: =$C$6-0 -> 46303 | J48: DoD Δ (last day) | K48: DoD % | L48: 7-Day Total | M48: Avg / Day | N48: vs Previous 7 Days
A49: =IF(L49=0,"-",RANK(L49,$L$49:$L$62)) -> 3 | B49: Ahmed Aboelgoud | C49: =SUMIFS(Sales_Data!$O$2:$O$3520,Sales_Data!$C$2:$C$3520,C$48,Sales_Data!$H$2:$H$3520,$B49,Sales_Data!$I$2:$I$3520,$C$15,Sales_Data!$AE$2:$AE$3520,1) -> 8 | D49: =SUMIFS(Sales_Data!$O$2:$O$3520,Sales_Data!$C$2:$C$3520,D$48,Sales_Data!$H$2:$H$3520,$B49,Sales_Data!$I$2:$I$3520,$C$15,Sales_Data!$AE$2:$AE$3520,1) -> 0 | E49: =SUMIFS(Sales_Data!$O$2:$O$3520,Sales_Data!$C$2:$C$3520,E$48,Sales_Data!$H$2:$H$3520,$B49,Sales_Data!$I$2:$I$3520,$C$15,Sales_Data!$AE$2:$AE$3520,1) -> 1 | F49: =SUMIFS(Sales_Data!$O$2:$O$3520,Sales_Data!$C$2:$C$3520,F$48,Sales_Data!$H$2:$H$3520,$B49,Sales_Data!$I$2:$I$3520,$C$15,Sales_Data!$AE$2:$AE$3520,1) -> 18 | G49: =SUMIFS(Sales_Data!$O$2:$O$3520,Sales_Data!$C$2:$C$3520,G$48,Sales_Data!$H$2:$H$3520,$B49,Sales_Data!$I$2:$I$3520,$C$15,Sales_Data!$AE$2:$AE$3520,1) -> 17 | H49: =SUMIFS(Sales_Data!$O$2:$O$3520,Sales_Data!$C$2:$C$3520,H$48,Sales_Data!$H$2:$H$3520,$B49,Sales_Data!$I$2:$I$3520,$C$15,Sales_Data!$AE$2:$AE$3520,1) -> 16 | I49: =SUMIFS(Sales_Data!$O$2:$O$3520,Sales_Data!$C$2:$C$3520,I$48,Sales_Data!$H$2:$H$3520,$B49,Sales_Data!$I$2:$I$3520,$C$15,Sales_Data!$AE$2:$AE$3520,1) -> 15 | J49: =I49-H49 -> -1 | K49: =IF(H49=0,"-",(I49-H49)/H49) -> -0.0625 | L49: =SUM(C49:I49) -> 75 | M49: =L49/7 -> 10.714286 | N49: =IF(SUMIFS(Sales_Data!$O$2:$O$3520,Sales_Data!$C$2:$C$3520,">="&($C$6-13),Sales_Data!$C$2:$C$3520,"<="&($C$6-7),Sales_Data!$H$2:$H$3520,$B49,Sales_Data!$I$2:$I$3520,$C$15,Sales_Data!$AE$2:$AE$3520,1)=0,"-",(L49-SUMIFS(Sales_Data!$O$2:$O$3520,Sales_Data!$C$2:$C$3520,">="&($C$6-13),Sales_Data!$C$2:$C$3520,"<="&($C$6-7),Sales_Data!$H$2:$H$3520,$B49,Sales_Data!$I$2:$I$3520,$C$15,Sales_Data!$AE$2:$AE$3520,1))/SUMIFS(Sales_Data!$O$2:$O$3520,Sales_Data!$C$2:$C$3520,">="&($C$6-13),Sales_Data!$C$2:$C$3520,"<="&($C$6-7),Sales_Data!$H$2:$H$3520,$B49,Sales_Data!$I$2:$I$3520,$C$15,Sales_Data!$AE$2:$AE$3520,1)) -> -0.038461538
A50: =IF(L50=0,"-",RANK(L50,$L$49:$L$62)) -> 7 | B50: Anas Sami | C50: =SUMIFS(Sales_Data!$O$2:$O$3520,Sales_Data!$C$2:$C$3520,C$48,Sales_Data!$H$2:$H$3520,$B50,Sales_Data!$I$2:$I$3520,$C$15,Sales_Data!$AE$2:$AE$3520,1) -> 7 | D50: =SUMIFS(Sales_Data!$O$2:$O$3520,Sales_Data!$C$2:$C$3520,D$48,Sales_Data!$H$2:$H$3520,$B50,Sales_Data!$I$2:$I$3520,$C$15,Sales_Data!$AE$2:$AE$3520,1) -> 7 | E50: =SUMIFS(Sales_Data!$O$2:$O$3520,Sales_Data!$C$2:$C$3520,E$48,Sales_Data!$H$2:$H$3520,$B50,Sales_Data!$I$2:$I$3520,$C$15,Sales_Data!$AE$2:$AE$3520,1) -> 1 | F50: =SUMIFS(Sales_Data!$O$2:$O$3520,Sales_Data!$C$2:$C$3520,F$48,Sales_Data!$H$2:$H$3520,$B50,Sales_Data!$I$2:$I$3520,$C$15,Sales_Data!$AE$2:$AE$3520,1) -> 1 | G50: =SUMIFS(Sales_Data!$O$2:$O$3520,Sales_Data!$C$2:$C$3520,G$48,Sales_Data!$H$2:$H$3520,$B50,Sales_Data!$I$2:$I$3520,$C$15,Sales_Data!$AE$2:$AE$3520,1) -> 1 | H50: =SUMIFS(Sales_Data!$O$2:$O$3520,Sales_Data!$C$2:$C$3520,H$48,Sales_Data!$H$2:$H$3520,$B50,Sales_Data!$I$2:$I$3520,$C$15,Sales_Data!$AE$2:$AE$3520,1) -> 12 | I50: =SUMIFS(Sales_Data!$O$2:$O$3520,Sales_Data!$C$2:$C$3520,I$48,Sales_Data!$H$2:$H$3520,$B50,Sales_Data!$I$2:$I$3520,$C$15,Sales_Data!$AE$2:$AE$3520,1) -> 13 | J50: =I50-H50 -> 1 | K50: =IF(H50=0,"-",(I50-H50)/H50) -> 0.083333333 | L50: =SUM(C50:I50) -> 42 | M50: =L50/7 -> 6 | N50: =IF(SUMIFS(Sales_Data!$O$2:$O$3520,Sales_Data!$C$2:$C$3520,">="&($C$6-13),Sales_Data!$C$2:$C$3520,"<="&($C$6-7),Sales_Data!$H$2:$H$3520,$B50,Sales_Data!$I$2:$I$3520,$C$15,Sales_Data!$AE$2:$AE$3520,1)=0,"-",(L50-SUMIFS(Sales_Data!$O$2:$O$3520,Sales_Data!$C$2:$C$3520,">="&($C$6-13),Sales_Data!$C$2:$C$3520,"<="&($C$6-7),Sales_Data!$H$2:$H$3520,$B50,Sales_Data!$I$2:$I$3520,$C$15,Sales_Data!$AE$2:$AE$3520,1))/SUMIFS(Sales_Data!$O$2:$O$3520,Sales_Data!$C$2:$C$3520,">="&($C$6-13),Sales_Data!$C$2:$C$3520,"<="&($C$6-7),Sales_Data!$H$2:$H$3520,$B50,Sales_Data!$I$2:$I$3520,$C$15,Sales_Data!$AE$2:$AE$3520,1)) -> 0.16666667
A51: =IF(L51=0,"-",RANK(L51,$L$49:$L$62)) -> 8 | B51: Essam Medhat | C51: =SUMIFS(Sales_Data!$O$2:$O$3520,Sales_Data!$C$2:$C$3520,C$48,Sales_Data!$H$2:$H$3520,$B51,Sales_Data!$I$2:$I$3520,$C$15,Sales_Data!$AE$2:$AE$3520,1) -> 5 | D51: =SUMIFS(Sales_Data!$O$2:$O$3520,Sales_Data!$C$2:$C$3520,D$48,Sales_Data!$H$2:$H$3520,$B51,Sales_Data!$I$2:$I$3520,$C$15,Sales_Data!$AE$2:$AE$3520,1) -> 4 | E51: =SUMIFS(Sales_Data!$O$2:$O$3520,Sales_Data!$C$2:$C$3520,E$48,Sales_Data!$H$2:$H$3520,$B51,Sales_Data!$I$2:$I$3520,$C$15,Sales_Data!$AE$2:$AE$3520,1) -> 2 | F51: =SUMIFS(Sales_Data!$O$2:$O$3520,Sales_Data!$C$2:$C$3520,F$48,Sales_Data!$H$2:$H$3520,$B51,Sales_Data!$I$2:$I$3520,$C$15,Sales_Data!$AE$2:$AE$3520,1) -> 3 | G51: =SUMIFS(Sales_Data!$O$2:$O$3520,Sales_Data!$C$2:$C$3520,G$48,Sales_Data!$H$2:$H$3520,$B51,Sales_Data!$I$2:$I$3520,$C$15,Sales_Data!$AE$2:$AE$3520,1) -> 3 | H51: =SUMIFS(Sales_Data!$O$2:$O$3520,Sales_Data!$C$2:$C$3520,H$48,Sales_Data!$H$2:$H$3520,$B51,Sales_Data!$I$2:$I$3520,$C$15,Sales_Data!$AE$2:$AE$3520,1) -> 4 | I51: =SUMIFS(Sales_Data!$O$2:$O$3520,Sales_Data!$C$2:$C$3520,I$48,Sales_Data!$H$2:$H$3520,$B51,Sales_Data!$I$2:$I$3520,$C$15,Sales_Data!$AE$2:$AE$3520,1) -> 4 | J51: =I51-H51 -> 0 | K51: =IF(H51=0,"-",(I51-H51)/H51) -> 0 | L51: =SUM(C51:I51) -> 25 | M51: =L51/7 -> 3.5714286 | N51: =IF(SUMIFS(Sales_Data!$O$2:$O$3520,Sales_Data!$C$2:$C$3520,">="&($C$6-13),Sales_Data!$C$2:$C$3520,"<="&($C$6-7),Sales_Data!$H$2:$H$3520,$B51,Sales_Data!$I$2:$I$3520,$C$15,Sales_Data!$AE$2:$AE$3520,1)=0,"-",(L51-SUMIFS(Sales_Data!$O$2:$O$3520,Sales_Data!$C$2:$C$3520,">="&($C$6-13),Sales_Data!$C$2:$C$3520,"<="&($C$6-7),Sales_Data!$H$2:$H$3520,$B51,Sales_Data!$I$2:$I$3520,$C$15,Sales_Data!$AE$2:$AE$3520,1))/SUMIFS(Sales_Data!$O$2:$O$3520,Sales_Data!$C$2:$C$3520,">="&($C$6-13),Sales_Data!$C$2:$C$3520,"<="&($C$6-7),Sales_Data!$H$2:$H$3520,$B51,Sales_Data!$I$2:$I$3520,$C$15,Sales_Data!$AE$2:$AE$3520,1)) -> 0.086956522
A52: =IF(L52=0,"-",RANK(L52,$L$49:$L$62)) -> 11 | B52: Islam Farouk | C52: =SUMIFS(Sales_Data!$O$2:$O$3520,Sales_Data!$C$2:$C$3520,C$48,Sales_Data!$H$2:$H$3520,$B52,Sales_Data!$I$2:$I$3520,$C$15,Sales_Data!$AE$2:$AE$3520,1) -> 0 | D52: =SUMIFS(Sales_Data!$O$2:$O$3520,Sales_Data!$C$2:$C$3520,D$48,Sales_Data!$H$2:$H$3520,$B52,Sales_Data!$I$2:$I$3520,$C$15,Sales_Data!$AE$2:$AE$3520,1) -> 0 | E52: =SUMIFS(Sales_Data!$O$2:$O$3520,Sales_Data!$C$2:$C$3520,E$48,Sales_Data!$H$2:$H$3520,$B52,Sales_Data!$I$2:$I$3520,$C$15,Sales_Data!$AE$2:$AE$3520,1) -> 0 | F52: =SUMIFS(Sales_Data!$O$2:$O$3520,Sales_Data!$C$2:$C$3520,F$48,Sales_Data!$H$2:$H$3520,$B52,Sales_Data!$I$2:$I$3520,$C$15,Sales_Data!$AE$2:$AE$3520,1) -> 0 | G52: =SUMIFS(Sales_Data!$O$2:$O$3520,Sales_Data!$C$2:$C$3520,G$48,Sales_Data!$H$2:$H$3520,$B52,Sales_Data!$I$2:$I$3520,$C$15,Sales_Data!$AE$2:$AE$3520,1) -> 5 | H52: =SUMIFS(Sales_Data!$O$2:$O$3520,Sales_Data!$C$2:$C$3520,H$48,Sales_Data!$H$2:$H$3520,$B52,Sales_Data!$I$2:$I$3520,$C$15,Sales_Data!$AE$2:$AE$3520,1) -> 6 | I52: =SUMIFS(Sales_Data!$O$2:$O$3520,Sales_Data!$C$2:$C$3520,I$48,Sales_Data!$H$2:$H$3520,$B52,Sales_Data!$I$2:$I$3520,$C$15,Sales_Data!$AE$2:$AE$3520,1) -> 5 | J52: =I52-H52 -> -1 | K52: =IF(H52=0,"-",(I52-H52)/H52) -> -0.16666667 | L52: =SUM(C52:I52) -> 16 | M52: =L52/7 -> 2.2857143 | N52: =IF(SUMIFS(Sales_Data!$O$2:$O$3520,Sales_Data!$C$2:$C$3520,">="&($C$6-13),Sales_Data!$C$2:$C$3520,"<="&($C$6-7),Sales_Data!$H$2:$H$3520,$B52,Sales_Data!$I$2:$I$3520,$C$15,Sales_Data!$AE$2:$AE$3520,1)=0,"-",(L52-SUMIFS(Sales_Data!$O$2:$O$3520,Sales_Data!$C$2:$C$3520,">="&($C$6-13),Sales_Data!$C$2:$C$3520,"<="&($C$6-7),Sales_Data!$H$2:$H$3520,$B52,Sales_Data!$I$2:$I$3520,$C$15,Sales_Data!$AE$2:$AE$3520,1))/SUMIFS(Sales_Data!$O$2:$O$3520,Sales_Data!$C$2:$C$3520,">="&($C$6-13),Sales_Data!$C$2:$C$3520,"<="&($C$6-7),Sales_Data!$H$2:$H$3520,$B52,Sales_Data!$I$2:$I$3520,$C$15,Sales_Data!$AE$2:$AE$3520,1)) -> 4.3333333
A53: =IF(L53=0,"-",RANK(L53,$L$49:$L$62)) -> 8 | B53: Mina Milad | C53: =SUMIFS(Sales_Data!$O$2:$O$3520,Sales_Data!$C$2:$C$3520,C$48,Sales_Data!$H$2:$H$3520,$B53,Sales_Data!$I$2:$I$3520,$C$15,Sales_Data!$AE$2:$AE$3520,1) -> 5 | D53: =SUMIFS(Sales_Data!$O$2:$O$3520,Sales_Data!$C$2:$C$3520,D$48,Sales_Data!$H$2:$H$3520,$B53,Sales_Data!$I$2:$I$3520,$C$15,Sales_Data!$AE$2:$AE$3520,1) -> 7 | E53: =SUMIFS(Sales_Data!$O$2:$O$3520,Sales_Data!$C$2:$C$3520,E$48,Sales_Data!$H$2:$H$3520,$B53,Sales_Data!$I$2:$I$3520,$C$15,Sales_Data!$AE$2:$AE$3520,1) -> 5 | F53: =SUMIFS(Sales_Data!$O$2:$O$3520,Sales_Data!$C$2:$C$3520,F$48,Sales_Data!$H$2:$H$3520,$B53,Sales_Data!$I$2:$I$3520,$C$15,Sales_Data!$AE$2:$AE$3520,1) -> 1 | G53: =SUMIFS(Sales_Data!$O$2:$O$3520,Sales_Data!$C$2:$C$3520,G$48,Sales_Data!$H$2:$H$3520,$B53,Sales_Data!$I$2:$I$3520,$C$15,Sales_Data!$AE$2:$AE$3520,1) -> 0 | H53: =SUMIFS(Sales_Data!$O$2:$O$3520,Sales_Data!$C$2:$C$3520,H$48,Sales_Data!$H$2:$H$3520,$B53,Sales_Data!$I$2:$I$3520,$C$15,Sales_Data!$AE$2:$AE$3520,1) -> 1 | I53: =SUMIFS(Sales_Data!$O$2:$O$3520,Sales_Data!$C$2:$C$3520,I$48,Sales_Data!$H$2:$H$3520,$B53,Sales_Data!$I$2:$I$3520,$C$15,Sales_Data!$AE$2:$AE$3520,1) -> 6 | J53: =I53-H53 -> 5 | K53: =IF(H53=0,"-",(I53-H53)/H53) -> 5 | L53: =SUM(C53:I53) -> 25 | M53: =L53/7 -> 3.5714286 | N53: =IF(SUMIFS(Sales_Data!$O$2:$O$3520,Sales_Data!$C$2:$C$3520,">="&($C$6-13),Sales_Data!$C$2:$C$3520,"<="&($C$6-7),Sales_Data!$H$2:$H$3520,$B53,Sales_Data!$I$2:$I$3520,$C$15,Sales_Data!$AE$2:$AE$3520,1)=0,"-",(L53-SUMIFS(Sales_Data!$O$2:$O$3520,Sales_Data!$C$2:$C$3520,">="&($C$6-13),Sales_Data!$C$2:$C$3520,"<="&($C$6-7),Sales_Data!$H$2:$H$3520,$B53,Sales_Data!$I$2:$I$3520,$C$15,Sales_Data!$AE$2:$AE$3520,1))/SUMIFS(Sales_Data!$O$2:$O$3520,Sales_Data!$C$2:$C$3520,">="&($C$6-13),Sales_Data!$C$2:$C$3520,"<="&($C$6-7),Sales_Data!$H$2:$H$3520,$B53,Sales_Data!$I$2:$I$3520,$C$15,Sales_Data!$AE$2:$AE$3520,1)) -> -0.13793103
A54: =IF(L54=0,"-",RANK(L54,$L$49:$L$62)) -> 6 | B54: Mohamed Ashour | C54: =SUMIFS(Sales_Data!$O$2:$O$3520,Sales_Data!$C$2:$C$3520,C$48,Sales_Data!$H$2:$H$3520,$B54,Sales_Data!$I$2:$I$3520,$C$15,Sales_Data!$AE$2:$AE$3520,1) -> 6 | D54: =SUMIFS(Sales_Data!$O$2:$O$3520,Sales_Data!$C$2:$C$3520,D$48,Sales_Data!$H$2:$H$3520,$B54,Sales_Data!$I$2:$I$3520,$C$15,Sales_Data!$AE$2:$AE$3520,1) -> 9 | E54: =SUMIFS(Sales_Data!$O$2:$O$3520,Sales_Data!$C$2:$C$3520,E$48,Sales_Data!$H$2:$H$3520,$B54,Sales_Data!$I$2:$I$3520,$C$15,Sales_Data!$AE$2:$AE$3520,1) -> 6 | F54: =SUMIFS(Sales_Data!$O$2:$O$3520,Sales_Data!$C$2:$C$3520,F$48,Sales_Data!$H$2:$H$3520,$B54,Sales_Data!$I$2:$I$3520,$C$15,Sales_Data!$AE$2:$AE$3520,1) -> 4 | G54: =SUMIFS(Sales_Data!$O$2:$O$3520,Sales_Data!$C$2:$C$3520,G$48,Sales_Data!$H$2:$H$3520,$B54,Sales_Data!$I$2:$I$3520,$C$15,Sales_Data!$AE$2:$AE$3520,1) -> 3 | H54: =SUMIFS(Sales_Data!$O$2:$O$3520,Sales_Data!$C$2:$C$3520,H$48,Sales_Data!$H$2:$H$3520,$B54,Sales_Data!$I$2:$I$3520,$C$15,Sales_Data!$AE$2:$AE$3520,1) -> 12 | I54: =SUMIFS(Sales_Data!$O$2:$O$3520,Sales_Data!$C$2:$C$3520,I$48,Sales_Data!$H$2:$H$3520,$B54,Sales_Data!$I$2:$I$3520,$C$15,Sales_Data!$AE$2:$AE$3520,1) -> 7 | J54: =I54-H54 -> -5 | K54: =IF(H54=0,"-",(I54-H54)/H54) -> -0.41666667 | L54: =SUM(C54:I54) -> 47 | M54: =L54/7 -> 6.7142857 | N54: =IF(SUMIFS(Sales_Data!$O$2:$O$3520,Sales_Data!$C$2:$C$3520,">="&($C$6-13),Sales_Data!$C$2:$C$3520,"<="&($C$6-7),Sales_Data!$H$2:$H$3520,$B54,Sales_Data!$I$2:$I$3520,$C$15,Sales_Data!$AE$2:$AE$3520,1)=0,"-",(L54-SUMIFS(Sales_Data!$O$2:$O$3520,Sales_Data!$C$2:$C$3520,">="&($C$6-13),Sales_Data!$C$2:$C$3520,"<="&($C$6-7),Sales_Data!$H$2:$H$3520,$B54,Sales_Data!$I$2:$I$3520,$C$15,Sales_Data!$AE$2:$AE$3520,1))/SUMIFS(Sales_Data!$O$2:$O$3520,Sales_Data!$C$2:$C$3520,">="&($C$6-13),Sales_Data!$C$2:$C$3520,"<="&($C$6-7),Sales_Data!$H$2:$H$3520,$B54,Sales_Data!$I$2:$I$3520,$C$15,Sales_Data!$AE$2:$AE$3520,1)) -> 0.02173913
A55: =IF(L55=0,"-",RANK(L55,$L$49:$L$62)) -> 10 | B55: Mohamed Kelany | C55: =SUMIFS(Sales_Data!$O$2:$O$3520,Sales_Data!$C$2:$C$3520,C$48,Sales_Data!$H$2:$H$3520,$B55,Sales_Data!$I$2:$I$3520,$C$15,Sales_Data!$AE$2:$AE$3520,1) -> 0 | D55: =SUMIFS(Sales_Data!$O$2:$O$3520,Sales_Data!$C$2:$C$3520,D$48,Sales_Data!$H$2:$H$3520,$B55,Sales_Data!$I$2:$I$3520,$C$15,Sales_Data!$AE$2:$AE$3520,1) -> 0 | E55: =SUMIFS(Sales_Data!$O$2:$O$3520,Sales_Data!$C$2:$C$3520,E$48,Sales_Data!$H$2:$H$3520,$B55,Sales_Data!$I$2:$I$3520,$C$15,Sales_Data!$AE$2:$AE$3520,1) -> 0 | F55: =SUMIFS(Sales_Data!$O$2:$O$3520,Sales_Data!$C$2:$C$3520,F$48,Sales_Data!$H$2:$H$3520,$B55,Sales_Data!$I$2:$I$3520,$C$15,Sales_Data!$AE$2:$AE$3520,1) -> 9 | G55: =SUMIFS(Sales_Data!$O$2:$O$3520,Sales_Data!$C$2:$C$3520,G$48,Sales_Data!$H$2:$H$3520,$B55,Sales_Data!$I$2:$I$3520,$C$15,Sales_Data!$AE$2:$AE$3520,1) -> 2 | H55: =SUMIFS(Sales_Data!$O$2:$O$3520,Sales_Data!$C$2:$C$3520,H$48,Sales_Data!$H$2:$H$3520,$B55,Sales_Data!$I$2:$I$3520,$C$15,Sales_Data!$AE$2:$AE$3520,1) -> 4 | I55: =SUMIFS(Sales_Data!$O$2:$O$3520,Sales_Data!$C$2:$C$3520,I$48,Sales_Data!$H$2:$H$3520,$B55,Sales_Data!$I$2:$I$3520,$C$15,Sales_Data!$AE$2:$AE$3520,1) -> 3 | J55: =I55-H55 -> -1 | K55: =IF(H55=0,"-",(I55-H55)/H55) -> -0.25 | L55: =SUM(C55:I55) -> 18 | M55: =L55/7 -> 2.5714286 | N55: =IF(SUMIFS(Sales_Data!$O$2:$O$3520,Sales_Data!$C$2:$C$3520,">="&($C$6-13),Sales_Data!$C$2:$C$3520,"<="&($C$6-7),Sales_Data!$H$2:$H$3520,$B55,Sales_Data!$I$2:$I$3520,$C$15,Sales_Data!$AE$2:$AE$3520,1)=0,"-",(L55-SUMIFS(Sales_Data!$O$2:$O$3520,Sales_Data!$C$2:$C$3520,">="&($C$6-13),Sales_Data!$C$2:$C$3520,"<="&($C$6-7),Sales_Data!$H$2:$H$3520,$B55,Sales_Data!$I$2:$I$3520,$C$15,Sales_Data!$AE$2:$AE$3520,1))/SUMIFS(Sales_Data!$O$2:$O$3520,Sales_Data!$C$2:$C$3520,">="&($C$6-13),Sales_Data!$C$2:$C$3520,"<="&($C$6-7),Sales_Data!$H$2:$H$3520,$B55,Sales_Data!$I$2:$I$3520,$C$15,Sales_Data!$AE$2:$AE$3520,1)) -> 3.5
A56: =IF(L56=0,"-",RANK(L56,$L$49:$L$62)) -> 12 | B56: Mostafa Mokhtar | C56: =SUMIFS(Sales_Data!$O$2:$O$3520,Sales_Data!$C$2:$C$3520,C$48,Sales_Data!$H$2:$H$3520,$B56,Sales_Data!$I$2:$I$3520,$C$15,Sales_Data!$AE$2:$AE$3520,1) -> 0 | D56: =SUMIFS(Sales_Data!$O$2:$O$3520,Sales_Data!$C$2:$C$3520,D$48,Sales_Data!$H$2:$H$3520,$B56,Sales_Data!$I$2:$I$3520,$C$15,Sales_Data!$AE$2:$AE$3520,1) -> 0 | E56: =SUMIFS(Sales_Data!$O$2:$O$3520,Sales_Data!$C$2:$C$3520,E$48,Sales_Data!$H$2:$H$3520,$B56,Sales_Data!$I$2:$I$3520,$C$15,Sales_Data!$AE$2:$AE$3520,1) -> 0 | F56: =SUMIFS(Sales_Data!$O$2:$O$3520,Sales_Data!$C$2:$C$3520,F$48,Sales_Data!$H$2:$H$3520,$B56,Sales_Data!$I$2:$I$3520,$C$15,Sales_Data!$AE$2:$AE$3520,1) -> 0 | G56: =SUMIFS(Sales_Data!$O$2:$O$3520,Sales_Data!$C$2:$C$3520,G$48,Sales_Data!$H$2:$H$3520,$B56,Sales_Data!$I$2:$I$3520,$C$15,Sales_Data!$AE$2:$AE$3520,1) -> 0 | H56: =SUMIFS(Sales_Data!$O$2:$O$3520,Sales_Data!$C$2:$C$3520,H$48,Sales_Data!$H$2:$H$3520,$B56,Sales_Data!$I$2:$I$3520,$C$15,Sales_Data!$AE$2:$AE$3520,1) -> 6 | I56: =SUMIFS(Sales_Data!$O$2:$O$3520,Sales_Data!$C$2:$C$3520,I$48,Sales_Data!$H$2:$H$3520,$B56,Sales_Data!$I$2:$I$3520,$C$15,Sales_Data!$AE$2:$AE$3520,1) -> 5 | J56: =I56-H56 -> -1 | K56: =IF(H56=0,"-",(I56-H56)/H56) -> -0.16666667 | L56: =SUM(C56:I56) -> 11 | M56: =L56/7 -> 1.5714286 | N56: =IF(SUMIFS(Sales_Data!$O$2:$O$3520,Sales_Data!$C$2:$C$3520,">="&($C$6-13),Sales_Data!$C$2:$C$3520,"<="&($C$6-7),Sales_Data!$H$2:$H$3520,$B56,Sales_Data!$I$2:$I$3520,$C$15,Sales_Data!$AE$2:$AE$3520,1)=0,"-",(L56-SUMIFS(Sales_Data!$O$2:$O$3520,Sales_Data!$C$2:$C$3520,">="&($C$6-13),Sales_Data!$C$2:$C$3520,"<="&($C$6-7),Sales_Data!$H$2:$H$3520,$B56,Sales_Data!$I$2:$I$3520,$C$15,Sales_Data!$AE$2:$AE$3520,1))/SUMIFS(Sales_Data!$O$2:$O$3520,Sales_Data!$C$2:$C$3520,">="&($C$6-13),Sales_Data!$C$2:$C$3520,"<="&($C$6-7),Sales_Data!$H$2:$H$3520,$B56,Sales_Data!$I$2:$I$3520,$C$15,Sales_Data!$AE$2:$AE$3520,1)) -> -
A57: =IF(L57=0,"-",RANK(L57,$L$49:$L$62)) -> 2 | B57: Omar Mansour | C57: =SUMIFS(Sales_Data!$O$2:$O$3520,Sales_Data!$C$2:$C$3520,C$48,Sales_Data!$H$2:$H$3520,$B57,Sales_Data!$I$2:$I$3520,$C$15,Sales_Data!$AE$2:$AE$3520,1) -> 9 | D57: =SUMIFS(Sales_Data!$O$2:$O$3520,Sales_Data!$C$2:$C$3520,D$48,Sales_Data!$H$2:$H$3520,$B57,Sales_Data!$I$2:$I$3520,$C$15,Sales_Data!$AE$2:$AE$3520,1) -> 0 | E57: =SUMIFS(Sales_Data!$O$2:$O$3520,Sales_Data!$C$2:$C$3520,E$48,Sales_Data!$H$2:$H$3520,$B57,Sales_Data!$I$2:$I$3520,$C$15,Sales_Data!$AE$2:$AE$3520,1) -> 5 | F57: =SUMIFS(Sales_Data!$O$2:$O$3520,Sales_Data!$C$2:$C$3520,F$48,Sales_Data!$H$2:$H$3520,$B57,Sales_Data!$I$2:$I$3520,$C$15,Sales_Data!$AE$2:$AE$3520,1) -> 7 | G57: =SUMIFS(Sales_Data!$O$2:$O$3520,Sales_Data!$C$2:$C$3520,G$48,Sales_Data!$H$2:$H$3520,$B57,Sales_Data!$I$2:$I$3520,$C$15,Sales_Data!$AE$2:$AE$3520,1) -> 7 | H57: =SUMIFS(Sales_Data!$O$2:$O$3520,Sales_Data!$C$2:$C$3520,H$48,Sales_Data!$H$2:$H$3520,$B57,Sales_Data!$I$2:$I$3520,$C$15,Sales_Data!$AE$2:$AE$3520,1) -> 23 | I57: =SUMIFS(Sales_Data!$O$2:$O$3520,Sales_Data!$C$2:$C$3520,I$48,Sales_Data!$H$2:$H$3520,$B57,Sales_Data!$I$2:$I$3520,$C$15,Sales_Data!$AE$2:$AE$3520,1) -> 25 | J57: =I57-H57 -> 2 | K57: =IF(H57=0,"-",(I57-H57)/H57) -> 0.086956522 | L57: =SUM(C57:I57) -> 76 | M57: =L57/7 -> 10.857143 | N57: =IF(SUMIFS(Sales_Data!$O$2:$O$3520,Sales_Data!$C$2:$C$3520,">="&($C$6-13),Sales_Data!$C$2:$C$3520,"<="&($C$6-7),Sales_Data!$H$2:$H$3520,$B57,Sales_Data!$I$2:$I$3520,$C$15,Sales_Data!$AE$2:$AE$3520,1)=0,"-",(L57-SUMIFS(Sales_Data!$O$2:$O$3520,Sales_Data!$C$2:$C$3520,">="&($C$6-13),Sales_Data!$C$2:$C$3520,"<="&($C$6-7),Sales_Data!$H$2:$H$3520,$B57,Sales_Data!$I$2:$I$3520,$C$15,Sales_Data!$AE$2:$AE$3520,1))/SUMIFS(Sales_Data!$O$2:$O$3520,Sales_Data!$C$2:$C$3520,">="&($C$6-13),Sales_Data!$C$2:$C$3520,"<="&($C$6-7),Sales_Data!$H$2:$H$3520,$B57,Sales_Data!$I$2:$I$3520,$C$15,Sales_Data!$AE$2:$AE$3520,1)) -> 1.7142857
A58: =IF(L58=0,"-",RANK(L58,$L$49:$L$62)) -> 13 | B58: Omar Osama | C58: =SUMIFS(Sales_Data!$O$2:$O$3520,Sales_Data!$C$2:$C$3520,C$48,Sales_Data!$H$2:$H$3520,$B58,Sales_Data!$I$2:$I$3520,$C$15,Sales_Data!$AE$2:$AE$3520,1) -> 1 | D58: =SUMIFS(Sales_Data!$O$2:$O$3520,Sales_Data!$C$2:$C$3520,D$48,Sales_Data!$H$2:$H$3520,$B58,Sales_Data!$I$2:$I$3520,$C$15,Sales_Data!$AE$2:$AE$3520,1) -> 0 | E58: =SUMIFS(Sales_Data!$O$2:$O$3520,Sales_Data!$C$2:$C$3520,E$48,Sales_Data!$H$2:$H$3520,$B58,Sales_Data!$I$2:$I$3520,$C$15,Sales_Data!$AE$2:$AE$3520,1) -> 0 | F58: =SUMIFS(Sales_Data!$O$2:$O$3520,Sales_Data!$C$2:$C$3520,F$48,Sales_Data!$H$2:$H$3520,$B58,Sales_Data!$I$2:$I$3520,$C$15,Sales_Data!$AE$2:$AE$3520,1) -> 0 | G58: =SUMIFS(Sales_Data!$O$2:$O$3520,Sales_Data!$C$2:$C$3520,G$48,Sales_Data!$H$2:$H$3520,$B58,Sales_Data!$I$2:$I$3520,$C$15,Sales_Data!$AE$2:$AE$3520,1) -> 0 | H58: =SUMIFS(Sales_Data!$O$2:$O$3520,Sales_Data!$C$2:$C$3520,H$48,Sales_Data!$H$2:$H$3520,$B58,Sales_Data!$I$2:$I$3520,$C$15,Sales_Data!$AE$2:$AE$3520,1) -> 0 | I58: =SUMIFS(Sales_Data!$O$2:$O$3520,Sales_Data!$C$2:$C$3520,I$48,Sales_Data!$H$2:$H$3520,$B58,Sales_Data!$I$2:$I$3520,$C$15,Sales_Data!$AE$2:$AE$3520,1) -> 0 | J58: =I58-H58 -> 0 | K58: =IF(H58=0,"-",(I58-H58)/H58) -> - | L58: =SUM(C58:I58) -> 1 | M58: =L58/7 -> 0.14285714 | N58: =IF(SUMIFS(Sales_Data!$O$2:$O$3520,Sales_Data!$C$2:$C$3520,">="&($C$6-13),Sales_Data!$C$2:$C$3520,"<="&($C$6-7),Sales_Data!$H$2:$H$3520,$B58,Sales_Data!$I$2:$I$3520,$C$15,Sales_Data!$AE$2:$AE$3520,1)=0,"-",(L58-SUMIFS(Sales_Data!$O$2:$O$3520,Sales_Data!$C$2:$C$3520,">="&($C$6-13),Sales_Data!$C$2:$C$3520,"<="&($C$6-7),Sales_Data!$H$2:$H$3520,$B58,Sales_Data!$I$2:$I$3520,$C$15,Sales_Data!$AE$2:$AE$3520,1))/SUMIFS(Sales_Data!$O$2:$O$3520,Sales_Data!$C$2:$C$3520,">="&($C$6-13),Sales_Data!$C$2:$C$3520,"<="&($C$6-7),Sales_Data!$H$2:$H$3520,$B58,Sales_Data!$I$2:$I$3520,$C$15,Sales_Data!$AE$2:$AE$3520,1)) -> -0.66666667
A59: =IF(L59=0,"-",RANK(L59,$L$49:$L$62)) -> 5 | B59: Rahma Samir | C59: =SUMIFS(Sales_Data!$O$2:$O$3520,Sales_Data!$C$2:$C$3520,C$48,Sales_Data!$H$2:$H$3520,$B59,Sales_Data!$I$2:$I$3520,$C$15,Sales_Data!$AE$2:$AE$3520,1) -> 5 | D59: =SUMIFS(Sales_Data!$O$2:$O$3520,Sales_Data!$C$2:$C$3520,D$48,Sales_Data!$H$2:$H$3520,$B59,Sales_Data!$I$2:$I$3520,$C$15,Sales_Data!$AE$2:$AE$3520,1) -> 0 | E59: =SUMIFS(Sales_Data!$O$2:$O$3520,Sales_Data!$C$2:$C$3520,E$48,Sales_Data!$H$2:$H$3520,$B59,Sales_Data!$I$2:$I$3520,$C$15,Sales_Data!$AE$2:$AE$3520,1) -> 12 | F59: =SUMIFS(Sales_Data!$O$2:$O$3520,Sales_Data!$C$2:$C$3520,F$48,Sales_Data!$H$2:$H$3520,$B59,Sales_Data!$I$2:$I$3520,$C$15,Sales_Data!$AE$2:$AE$3520,1) -> 8 | G59: =SUMIFS(Sales_Data!$O$2:$O$3520,Sales_Data!$C$2:$C$3520,G$48,Sales_Data!$H$2:$H$3520,$B59,Sales_Data!$I$2:$I$3520,$C$15,Sales_Data!$AE$2:$AE$3520,1) -> 3 | H59: =SUMIFS(Sales_Data!$O$2:$O$3520,Sales_Data!$C$2:$C$3520,H$48,Sales_Data!$H$2:$H$3520,$B59,Sales_Data!$I$2:$I$3520,$C$15,Sales_Data!$AE$2:$AE$3520,1) -> 13 | I59: =SUMIFS(Sales_Data!$O$2:$O$3520,Sales_Data!$C$2:$C$3520,I$48,Sales_Data!$H$2:$H$3520,$B59,Sales_Data!$I$2:$I$3520,$C$15,Sales_Data!$AE$2:$AE$3520,1) -> 13 | J59: =I59-H59 -> 0 | K59: =IF(H59=0,"-",(I59-H59)/H59) -> 0 | L59: =SUM(C59:I59) -> 54 | M59: =L59/7 -> 7.7142857 | N59: =IF(SUMIFS(Sales_Data!$O$2:$O$3520,Sales_Data!$C$2:$C$3520,">="&($C$6-13),Sales_Data!$C$2:$C$3520,"<="&($C$6-7),Sales_Data!$H$2:$H$3520,$B59,Sales_Data!$I$2:$I$3520,$C$15,Sales_Data!$AE$2:$AE$3520,1)=0,"-",(L59-SUMIFS(Sales_Data!$O$2:$O$3520,Sales_Data!$C$2:$C$3520,">="&($C$6-13),Sales_Data!$C$2:$C$3520,"<="&($C$6-7),Sales_Data!$H$2:$H$3520,$B59,Sales_Data!$I$2:$I$3520,$C$15,Sales_Data!$AE$2:$AE$3520,1))/SUMIFS(Sales_Data!$O$2:$O$3520,Sales_Data!$C$2:$C$3520,">="&($C$6-13),Sales_Data!$C$2:$C$3520,"<="&($C$6-7),Sales_Data!$H$2:$H$3520,$B59,Sales_Data!$I$2:$I$3520,$C$15,Sales_Data!$AE$2:$AE$3520,1)) -> 0.74193548
A60: =IF(L60=0,"-",RANK(L60,$L$49:$L$62)) -> 1 | B60: Salma Ahmed | C60: =SUMIFS(Sales_Data!$O$2:$O$3520,Sales_Data!$C$2:$C$3520,C$48,Sales_Data!$H$2:$H$3520,$B60,Sales_Data!$I$2:$I$3520,$C$15,Sales_Data!$AE$2:$AE$3520,1) -> 6 | D60: =SUMIFS(Sales_Data!$O$2:$O$3520,Sales_Data!$C$2:$C$3520,D$48,Sales_Data!$H$2:$H$3520,$B60,Sales_Data!$I$2:$I$3520,$C$15,Sales_Data!$AE$2:$AE$3520,1) -> 46 | E60: =SUMIFS(Sales_Data!$O$2:$O$3520,Sales_Data!$C$2:$C$3520,E$48,Sales_Data!$H$2:$H$3520,$B60,Sales_Data!$I$2:$I$3520,$C$15,Sales_Data!$AE$2:$AE$3520,1) -> 7 | F60: =SUMIFS(Sales_Data!$O$2:$O$3520,Sales_Data!$C$2:$C$3520,F$48,Sales_Data!$H$2:$H$3520,$B60,Sales_Data!$I$2:$I$3520,$C$15,Sales_Data!$AE$2:$AE$3520,1) -> 6 | G60: =SUMIFS(Sales_Data!$O$2:$O$3520,Sales_Data!$C$2:$C$3520,G$48,Sales_Data!$H$2:$H$3520,$B60,Sales_Data!$I$2:$I$3520,$C$15,Sales_Data!$AE$2:$AE$3520,1) -> 3 | H60: =SUMIFS(Sales_Data!$O$2:$O$3520,Sales_Data!$C$2:$C$3520,H$48,Sales_Data!$H$2:$H$3520,$B60,Sales_Data!$I$2:$I$3520,$C$15,Sales_Data!$AE$2:$AE$3520,1) -> 12 | I60: =SUMIFS(Sales_Data!$O$2:$O$3520,Sales_Data!$C$2:$C$3520,I$48,Sales_Data!$H$2:$H$3520,$B60,Sales_Data!$I$2:$I$3520,$C$15,Sales_Data!$AE$2:$AE$3520,1) -> 5 | J60: =I60-H60 -> -7 | K60: =IF(H60=0,"-",(I60-H60)/H60) -> -0.58333333 | L60: =SUM(C60:I60) -> 85 | M60: =L60/7 -> 12.142857 | N60: =IF(SUMIFS(Sales_Data!$O$2:$O$3520,Sales_Data!$C$2:$C$3520,">="&($C$6-13),Sales_Data!$C$2:$C$3520,"<="&($C$6-7),Sales_Data!$H$2:$H$3520,$B60,Sales_Data!$I$2:$I$3520,$C$15,Sales_Data!$AE$2:$AE$3520,1)=0,"-",(L60-SUMIFS(Sales_Data!$O$2:$O$3520,Sales_Data!$C$2:$C$3520,">="&($C$6-13),Sales_Data!$C$2:$C$3520,"<="&($C$6-7),Sales_Data!$H$2:$H$3520,$B60,Sales_Data!$I$2:$I$3520,$C$15,Sales_Data!$AE$2:$AE$3520,1))/SUMIFS(Sales_Data!$O$2:$O$3520,Sales_Data!$C$2:$C$3520,">="&($C$6-13),Sales_Data!$C$2:$C$3520,"<="&($C$6-7),Sales_Data!$H$2:$H$3520,$B60,Sales_Data!$I$2:$I$3520,$C$15,Sales_Data!$AE$2:$AE$3520,1)) -> 0.13333333
... A62: =IF(L62=0,"-",RANK(L62,$L$49:$L$62)) -> - | B62: Taher Yehia | C62: =SUMIFS(Sales_Data!$O$2:$O$3520,Sales_Data!$C$2:$C$3520,C$48,Sales_Data!$H$2:$H$3520,$B62,Sales_Data!$I$2:$I$3520,$C$15,Sales_Data!$AE$2:$AE$3520,1) -> 0 | D62: =SUMIFS(Sales_Data!$O$2:$O$3520,Sales_Data!$C$2:$C$3520,D$48,Sales_Data!$H$2:$H$3520,$B62,Sales_Data!$I$2:$I$3520,$C$15,Sales_Data!$AE$2:$AE$3520,1) -> 0 | E62: =SUMIFS(Sales_Data!$O$2:$O$3520,Sales_Data!$C$2:$C$3520,E$48,Sales_Data!$H$2:$H$3520,$B62,Sales_Data!$I$2:$I$3520,$C$15,Sales_Data!$AE$2:$AE$3520,1) -> 0 | F62: =SUMIFS(Sales_Data!$O$2:$O$3520,Sales_Data!$C$2:$C$3520,F$48,Sales_Data!$H$2:$H$3520,$B62,Sales_Data!$I$2:$I$3520,$C$15,Sales_Data!$AE$2:$AE$3520,1) -> 0 | G62: =SUMIFS(Sales_Data!$O$2:$O$3520,Sales_Data!$C$2:$C$3520,G$48,Sales_Data!$H$2:$H$3520,$B62,Sales_Data!$I$2:$I$3520,$C$15,Sales_Data!$AE$2:$AE$3520,1) -> 0 | H62: =SUMIFS(Sales_Data!$O$2:$O$3520,Sales_Data!$C$2:$C$3520,H$48,Sales_Data!$H$2:$H$3520,$B62,Sales_Data!$I$2:$I$3520,$C$15,Sales_Data!$AE$2:$AE$3520,1) -> 0 | I62: =SUMIFS(Sales_Data!$O$2:$O$3520,Sales_Data!$C$2:$C$3520,I$48,Sales_Data!$H$2:$H$3520,$B62,Sales_Data!$I$2:$I$3520,$C$15,Sales_Data!$AE$2:$AE$3520,1) -> 0 | J62: =I62-H62 -> 0 | K62: =IF(H62=0,"-",(I62-H62)/H62) -> - | L62: =SUM(C62:I62) -> 0 | M62: =L62/7 -> 0 | N62: =IF(SUMIFS(Sales_Data!$O$2:$O$3520,Sales_Data!$C$2:$C$3520,">="&($C$6-13),Sales_Data!$C$2:$C$3520,"<="&($C$6-7),Sales_Data!$H$2:$H$3520,$B62,Sales_Data!$I$2:$I$3520,$C$15,Sales_Data!$AE$2:$AE$3520,1)=0,"-",(L62-SUMIFS(Sales_Data!$O$2:$O$3520,Sales_Data!$C$2:$C$3520,">="&($C$6-13),Sales_Data!$C$2:$C$3520,"<="&($C$6-7),Sales_Data!$H$2:$H$3520,$B62,Sales_Data!$I$2:$I$3520,$C$15,Sales_Data!$AE$2:$AE$3520,1))/SUMIFS(Sales_Data!$O$2:$O$3520,Sales_Data!$C$2:$C$3520,">="&($C$6-13),Sales_Data!$C$2:$C$3520,"<="&($C$6-7),Sales_Data!$H$2:$H$3520,$B62,Sales_Data!$I$2:$I$3520,$C$15,Sales_Data!$AE$2:$AE$3520,1)) -> -
B63: ACCOUNT TOTAL (roster teams) | C63: =SUM(C49:C62) -> 58 | D63: =SUM(D49:D62) -> 86 | E63: =SUM(E49:E62) -> 49 | F63: =SUM(F49:F62) -> 66 | G63: =SUM(G49:G62) -> 51 | H63: =SUM(H49:H62) -> 119 | I63: =SUM(I49:I62) -> 105 | J63: =I63-H63 -> -14 | K63: =IF(H63=0,"-",(I63-H63)/H63) -> -0.11764706 | L63: =SUM(L49:L62) -> 534 | M63: =L63/7 -> 76.285714
A65: OPS MANAGER VIEW – selected period
A66: Rank | B66: Ops Manager | C66: Teams | D66: HC | E66: Submissions | F66: XM Lines | G66: GSR Units | H66: Total Units | I66: Units / HC | J66: Active Sellers | K66: Participation % | L66: Prior Period Units | M66: Δ vs Prior | N66: Δ %
A67: =IF(H67=0,"-",RANK(H67,$H$67:$H$69)) -> 2 | B67: Bishoy Mourad | C67: =SUMPRODUCT((Roster!$E$2:$E$251=$B67)/COUNTIFS(Roster!$D$2:$D$251,Roster!$D$2:$D$251,Roster!$E$2:$E$251,Roster!$E$2:$E$251)) -> 6 | D67: =COUNTIF(Roster!$E$2:$E$251,$B67) -> 104 | E67: =SUMIFS(Sales_Data!$AE$2:$AE$3520,Sales_Data!$C$2:$C$3520,">="&$C$5,Sales_Data!$C$2:$C$3520,"<="&$C$6,Sales_Data!$I$2:$I$3520,$B67) -> 207 | F67: =SUMIFS(Sales_Data!$M$2:$M$3520,Sales_Data!$C$2:$C$3520,">="&$C$5,Sales_Data!$C$2:$C$3520,"<="&$C$6,Sales_Data!$I$2:$I$3520,$B67,Sales_Data!$AE$2:$AE$3520,1) -> 61 | G67: =SUMIFS(Sales_Data!$N$2:$N$3520,Sales_Data!$C$2:$C$3520,">="&$C$5,Sales_Data!$C$2:$C$3520,"<="&$C$6,Sales_Data!$I$2:$I$3520,$B67,Sales_Data!$AE$2:$AE$3520,1) -> 184 | H67: =F67+G67 -> 245 | I67: =IFERROR(H67/D67,0) -> 2.3557692 | J67: =COUNTIFS(Agent_Summary!$D$5:$D$254,$B67,Agent_Summary!$K$5:$K$254,">0") -> 68 | K67: =IFERROR(J67/D67,0) -> 0.65384615 | L67: =SUMIFS(Sales_Data!$O$2:$O$3520,Sales_Data!$C$2:$C$3520,">="&$C$12,Sales_Data!$C$2:$C$3520,"<="&$C$13,Sales_Data!$I$2:$I$3520,$B67,Sales_Data!$AE$2:$AE$3520,1) -> 222 | M67: =H67-L67 -> 23 | N67: =IF(L67=0,"-",(H67-L67)/L67) -> 0.1036036
A68: =IF(H68=0,"-",RANK(H68,$H$67:$H$69)) -> 3 | B68: Mohamed Radwan | C68: =SUMPRODUCT((Roster!$E$2:$E$251=$B68)/COUNTIFS(Roster!$D$2:$D$251,Roster!$D$2:$D$251,Roster!$E$2:$E$251,Roster!$E$2:$E$251)) -> 2 | D68: =COUNTIF(Roster!$E$2:$E$251,$B68) -> 26 | E68: =SUMIFS(Sales_Data!$AE$2:$AE$3520,Sales_Data!$C$2:$C$3520,">="&$C$5,Sales_Data!$C$2:$C$3520,"<="&$C$6,Sales_Data!$I$2:$I$3520,$B68) -> 5 | F68: =SUMIFS(Sales_Data!$M$2:$M$3520,Sales_Data!$C$2:$C$3520,">="&$C$5,Sales_Data!$C$2:$C$3520,"<="&$C$6,Sales_Data!$I$2:$I$3520,$B68,Sales_Data!$AE$2:$AE$3520,1) -> 1 | G68: =SUMIFS(Sales_Data!$N$2:$N$3520,Sales_Data!$C$2:$C$3520,">="&$C$5,Sales_Data!$C$2:$C$3520,"<="&$C$6,Sales_Data!$I$2:$I$3520,$B68,Sales_Data!$AE$2:$AE$3520,1) -> 5 | H68: =F68+G68 -> 6 | I68: =IFERROR(H68/D68,0) -> 0.23076923 | J68: =COUNTIFS(Agent_Summary!$D$5:$D$254,$B68,Agent_Summary!$K$5:$K$254,">0") -> 3 | K68: =IFERROR(J68/D68,0) -> 0.11538462 | L68: =SUMIFS(Sales_Data!$O$2:$O$3520,Sales_Data!$C$2:$C$3520,">="&$C$12,Sales_Data!$C$2:$C$3520,"<="&$C$13,Sales_Data!$I$2:$I$3520,$B68,Sales_Data!$AE$2:$AE$3520,1) -> 8 | M68: =H68-L68 -> -2 | N68: =IF(L68=0,"-",(H68-L68)/L68) -> -0.25
A69: =IF(H69=0,"-",RANK(H69,$H$67:$H$69)) -> 1 | B69: Ramadan Gamal | C69: =SUMPRODUCT((Roster!$E$2:$E$251=$B69)/COUNTIFS(Roster!$D$2:$D$251,Roster!$D$2:$D$251,Roster!$E$2:$E$251,Roster!$E$2:$E$251)) -> 7 | D69: =COUNTIF(Roster!$E$2:$E$251,$B69) -> 120 | E69: =SUMIFS(Sales_Data!$AE$2:$AE$3520,Sales_Data!$C$2:$C$3520,">="&$C$5,Sales_Data!$C$2:$C$3520,"<="&$C$6,Sales_Data!$I$2:$I$3520,$B69) -> 237 | F69: =SUMIFS(Sales_Data!$M$2:$M$3520,Sales_Data!$C$2:$C$3520,">="&$C$5,Sales_Data!$C$2:$C$3520,"<="&$C$6,Sales_Data!$I$2:$I$3520,$B69,Sales_Data!$AE$2:$AE$3520,1) -> 78 | G69: =SUMIFS(Sales_Data!$N$2:$N$3520,Sales_Data!$C$2:$C$3520,">="&$C$5,Sales_Data!$C$2:$C$3520,"<="&$C$6,Sales_Data!$I$2:$I$3520,$B69,Sales_Data!$AE$2:$AE$3520,1) -> 205 | H69: =F69+G69 -> 283 | I69: =IFERROR(H69/D69,0) -> 2.3583333 | J69: =COUNTIFS(Agent_Summary!$D$5:$D$254,$B69,Agent_Summary!$K$5:$K$254,">0") -> 67 | K69: =IFERROR(J69/D69,0) -> 0.55833333 | L69: =SUMIFS(Sales_Data!$O$2:$O$3520,Sales_Data!$C$2:$C$3520,">="&$C$12,Sales_Data!$C$2:$C$3520,"<="&$C$13,Sales_Data!$I$2:$I$3520,$B69,Sales_Data!$AE$2:$AE$3520,1) -> 202 | M69: =H69-L69 -> 81 | N69: =IF(L69=0,"-",(H69-L69)/L69) -> 0.4009901
A71: TOP 10 AGENTS – selected period & scope | H71: BOTTOM 10 PRODUCTION AGENTS – selected period & scope (coaching list)
A72: # | B72: Agent | C72: Team Leader | D72: Units | E72: XM | F72: GSR | H72: # | I72: Agent | J72: Team Leader | K72: Units | L72: Active Days | M72: Last Sale | N72: Days Since
A73: 1 | B73: =IF(LARGE(Agent_Summary!$U$5:$U$254,1)<0,"",INDEX(Agent_Summary!$B$5:$B$254,MATCH(LARGE(Agent_Summary!$U$5:$U$254,1),Agent_Summary!$U$5:$U$254,0))) -> Samuel Wadie Morgan Tawfik | C73: =IF(LARGE(Agent_Summary!$U$5:$U$254,1)<0,"",INDEX(Agent_Summary!$C$5:$C$254,MATCH(LARGE(Agent_Summary!$U$5:$U$254,1),Agent_Summary!$U$5:$U$254,0))) -> Salma Ahmed | D73: =IF(LARGE(Agent_Summary!$U$5:$U$254,1)<0,"",INDEX(Agent_Summary!$K$5:$K$254,MATCH(LARGE(Agent_Summary!$U$5:$U$254,1),Agent_Summary!$U$5:$U$254,0))) -> 32 | E73: =IF(LARGE(Agent_Summary!$U$5:$U$254,1)<0,"",INDEX(Agent_Summary!$I$5:$I$254,MATCH(LARGE(Agent_Summary!$U$5:$U$254,1),Agent_Summary!$U$5:$U$254,0))) -> 16 | F73: =IF(LARGE(Agent_Summary!$U$5:$U$254,1)<0,"",INDEX(Agent_Summary!$J$5:$J$254,MATCH(LARGE(Agent_Summary!$U$5:$U$254,1),Agent_Summary!$U$5:$U$254,0))) -> 16 | H73: 1 | I73: =IF(SMALL(Agent_Summary!$V$5:$V$254,1)>=1000000000,"",INDEX(Agent_Summary!$B$5:$B$254,MATCH(SMALL(Agent_Summary!$V$5:$V$254,1),Agent_Summary!$V$5:$V$254,0))) -> Mohamed Medhat Mahmoud El Gendi | J73: =IF(SMALL(Agent_Summary!$V$5:$V$254,1)>=1000000000,"",INDEX(Agent_Summary!$C$5:$C$254,MATCH(SMALL(Agent_Summary!$V$5:$V$254,1),Agent_Summary!$V$5:$V$254,0))) -> Ahmed Aboelgoud | K73: =IF(SMALL(Agent_Summary!$V$5:$V$254,1)>=1000000000,"",INDEX(Agent_Summary!$K$5:$K$254,MATCH(SMALL(Agent_Summary!$V$5:$V$254,1),Agent_Summary!$V$5:$V$254,0))) -> 0 | L73: =IF(SMALL(Agent_Summary!$V$5:$V$254,1)>=1000000000,"",INDEX(Agent_Summary!$L$5:$L$254,MATCH(SMALL(Agent_Summary!$V$5:$V$254,1),Agent_Summary!$V$5:$V$254,0))) -> 0 | M73: =IF(SMALL(Agent_Summary!$V$5:$V$254,1)>=1000000000,"",INDEX(Agent_Summary!$P$5:$P$254,MATCH(SMALL(Agent_Summary!$V$5:$V$254,1),Agent_Summary!$V$5:$V$254,0))) -> 46294 | N73: =IF(SMALL(Agent_Summary!$V$5:$V$254,1)>=1000000000,"",INDEX(Agent_Summary!$Q$5:$Q$254,MATCH(SMALL(Agent_Summary!$V$5:$V$254,1),Agent_Summary!$V$5:$V$254,0))) -> 9
A74: 2 | B74: =IF(LARGE(Agent_Summary!$U$5:$U$254,2)<0,"",INDEX(Agent_Summary!$B$5:$B$254,MATCH(LARGE(Agent_Summary!$U$5:$U$254,2),Agent_Summary!$U$5:$U$254,0))) -> Mahmoud Hamdi Mansour Haridi | C74: =IF(LARGE(Agent_Summary!$U$5:$U$254,2)<0,"",INDEX(Agent_Summary!$C$5:$C$254,MATCH(LARGE(Agent_Summary!$U$5:$U$254,2),Agent_Summary!$U$5:$U$254,0))) -> Rahma Samir | D74: =IF(LARGE(Agent_Summary!$U$5:$U$254,2)<0,"",INDEX(Agent_Summary!$K$5:$K$254,MATCH(LARGE(Agent_Summary!$U$5:$U$254,2),Agent_Summary!$U$5:$U$254,0))) -> 16 | E74: =IF(LARGE(Agent_Summary!$U$5:$U$254,2)<0,"",INDEX(Agent_Summary!$I$5:$I$254,MATCH(LARGE(Agent_Summary!$U$5:$U$254,2),Agent_Summary!$U$5:$U$254,0))) -> 6 | F74: =IF(LARGE(Agent_Summary!$U$5:$U$254,2)<0,"",INDEX(Agent_Summary!$J$5:$J$254,MATCH(LARGE(Agent_Summary!$U$5:$U$254,2),Agent_Summary!$U$5:$U$254,0))) -> 10 | H74: 2 | I74: =IF(SMALL(Agent_Summary!$V$5:$V$254,2)>=1000000000,"",INDEX(Agent_Summary!$B$5:$B$254,MATCH(SMALL(Agent_Summary!$V$5:$V$254,2),Agent_Summary!$V$5:$V$254,0))) -> Ahmed Saieed | J74: =IF(SMALL(Agent_Summary!$V$5:$V$254,2)>=1000000000,"",INDEX(Agent_Summary!$C$5:$C$254,MATCH(SMALL(Agent_Summary!$V$5:$V$254,2),Agent_Summary!$V$5:$V$254,0))) -> Anas Sami | K74: =IF(SMALL(Agent_Summary!$V$5:$V$254,2)>=1000000000,"",INDEX(Agent_Summary!$K$5:$K$254,MATCH(SMALL(Agent_Summary!$V$5:$V$254,2),Agent_Summary!$V$5:$V$254,0))) -> 0 | L74: =IF(SMALL(Agent_Summary!$V$5:$V$254,2)>=1000000000,"",INDEX(Agent_Summary!$L$5:$L$254,MATCH(SMALL(Agent_Summary!$V$5:$V$254,2),Agent_Summary!$V$5:$V$254,0))) -> 0 | M74: =IF(SMALL(Agent_Summary!$V$5:$V$254,2)>=1000000000,"",INDEX(Agent_Summary!$P$5:$P$254,MATCH(SMALL(Agent_Summary!$V$5:$V$254,2),Agent_Summary!$V$5:$V$254,0))) -> 46294 | N74: =IF(SMALL(Agent_Summary!$V$5:$V$254,2)>=1000000000,"",INDEX(Agent_Summary!$Q$5:$Q$254,MATCH(SMALL(Agent_Summary!$V$5:$V$254,2),Agent_Summary!$V$5:$V$254,0))) -> 9
A75: 3 | B75: =IF(LARGE(Agent_Summary!$U$5:$U$254,3)<0,"",INDEX(Agent_Summary!$B$5:$B$254,MATCH(LARGE(Agent_Summary!$U$5:$U$254,3),Agent_Summary!$U$5:$U$254,0))) -> Mohamed Abdelhamed Mohamed Abdelwahed Al Soda | C75: =IF(LARGE(Agent_Summary!$U$5:$U$254,3)<0,"",INDEX(Agent_Summary!$C$5:$C$254,MATCH(LARGE(Agent_Summary!$U$5:$U$254,3),Agent_Summary!$U$5:$U$254,0))) -> Shereen Kamal | D75: =IF(LARGE(Agent_Summary!$U$5:$U$254,3)<0,"",INDEX(Agent_Summary!$K$5:$K$254,MATCH(LARGE(Agent_Summary!$U$5:$U$254,3),Agent_Summary!$U$5:$U$254,0))) -> 14 | E75: =IF(LARGE(Agent_Summary!$U$5:$U$254,3)<0,"",INDEX(Agent_Summary!$I$5:$I$254,MATCH(LARGE(Agent_Summary!$U$5:$U$254,3),Agent_Summary!$U$5:$U$254,0))) -> 3 | F75: =IF(LARGE(Agent_Summary!$U$5:$U$254,3)<0,"",INDEX(Agent_Summary!$J$5:$J$254,MATCH(LARGE(Agent_Summary!$U$5:$U$254,3),Agent_Summary!$U$5:$U$254,0))) -> 11 | H75: 3 | I75: =IF(SMALL(Agent_Summary!$V$5:$V$254,3)>=1000000000,"",INDEX(Agent_Summary!$B$5:$B$254,MATCH(SMALL(Agent_Summary!$V$5:$V$254,3),Agent_Summary!$V$5:$V$254,0))) -> Mahmoud Abdelaziz | J75: =IF(SMALL(Agent_Summary!$V$5:$V$254,3)>=1000000000,"",INDEX(Agent_Summary!$C$5:$C$254,MATCH(SMALL(Agent_Summary!$V$5:$V$254,3),Agent_Summary!$V$5:$V$254,0))) -> Anas Sami | K75: =IF(SMALL(Agent_Summary!$V$5:$V$254,3)>=1000000000,"",INDEX(Agent_Summary!$K$5:$K$254,MATCH(SMALL(Agent_Summary!$V$5:$V$254,3),Agent_Summary!$V$5:$V$254,0))) -> 0 | L75: =IF(SMALL(Agent_Summary!$V$5:$V$254,3)>=1000000000,"",INDEX(Agent_Summary!$L$5:$L$254,MATCH(SMALL(Agent_Summary!$V$5:$V$254,3),Agent_Summary!$V$5:$V$254,0))) -> 0 | M75: =IF(SMALL(Agent_Summary!$V$5:$V$254,3)>=1000000000,"",INDEX(Agent_Summary!$P$5:$P$254,MATCH(SMALL(Agent_Summary!$V$5:$V$254,3),Agent_Summary!$V$5:$V$254,0))) -> 46294 | N75: =IF(SMALL(Agent_Summary!$V$5:$V$254,3)>=1000000000,"",INDEX(Agent_Summary!$Q$5:$Q$254,MATCH(SMALL(Agent_Summary!$V$5:$V$254,3),Agent_Summary!$V$5:$V$254,0))) -> 9
A76: 4 | B76: =IF(LARGE(Agent_Summary!$U$5:$U$254,4)<0,"",INDEX(Agent_Summary!$B$5:$B$254,MATCH(LARGE(Agent_Summary!$U$5:$U$254,4),Agent_Summary!$U$5:$U$254,0))) -> Omar Ahmed Salah Eldin Mohamed Kamel | C76: =IF(LARGE(Agent_Summary!$U$5:$U$254,4)<0,"",INDEX(Agent_Summary!$C$5:$C$254,MATCH(LARGE(Agent_Summary!$U$5:$U$254,4),Agent_Summary!$U$5:$U$254,0))) -> Omar Mansour | D76: =IF(LARGE(Agent_Summary!$U$5:$U$254,4)<0,"",INDEX(Agent_Summary!$K$5:$K$254,MATCH(LARGE(Agent_Summary!$U$5:$U$254,4),Agent_Summary!$U$5:$U$254,0))) -> 13 | E76: =IF(LARGE(Agent_Summary!$U$5:$U$254,4)<0,"",INDEX(Agent_Summary!$I$5:$I$254,MATCH(LARGE(Agent_Summary!$U$5:$U$254,4),Agent_Summary!$U$5:$U$254,0))) -> 0 | F76: =IF(LARGE(Agent_Summary!$U$5:$U$254,4)<0,"",INDEX(Agent_Summary!$J$5:$J$254,MATCH(LARGE(Agent_Summary!$U$5:$U$254,4),Agent_Summary!$U$5:$U$254,0))) -> 13 | H76: 4 | I76: =IF(SMALL(Agent_Summary!$V$5:$V$254,4)>=1000000000,"",INDEX(Agent_Summary!$B$5:$B$254,MATCH(SMALL(Agent_Summary!$V$5:$V$254,4),Agent_Summary!$V$5:$V$254,0))) -> Radwa Ahmed | J76: =IF(SMALL(Agent_Summary!$V$5:$V$254,4)>=1000000000,"",INDEX(Agent_Summary!$C$5:$C$254,MATCH(SMALL(Agent_Summary!$V$5:$V$254,4),Agent_Summary!$V$5:$V$254,0))) -> Anas Sami | K76: =IF(SMALL(Agent_Summary!$V$5:$V$254,4)>=1000000000,"",INDEX(Agent_Summary!$K$5:$K$254,MATCH(SMALL(Agent_Summary!$V$5:$V$254,4),Agent_Summary!$V$5:$V$254,0))) -> 0 | L76: =IF(SMALL(Agent_Summary!$V$5:$V$254,4)>=1000000000,"",INDEX(Agent_Summary!$L$5:$L$254,MATCH(SMALL(Agent_Summary!$V$5:$V$254,4),Agent_Summary!$V$5:$V$254,0))) -> 0 | M76: =IF(SMALL(Agent_Summary!$V$5:$V$254,4)>=1000000000,"",INDEX(Agent_Summary!$P$5:$P$254,MATCH(SMALL(Agent_Summary!$V$5:$V$254,4),Agent_Summary!$V$5:$V$254,0))) -> 46292 | N76: =IF(SMALL(Agent_Summary!$V$5:$V$254,4)>=1000000000,"",INDEX(Agent_Summary!$Q$5:$Q$254,MATCH(SMALL(Agent_Summary!$V$5:$V$254,4),Agent_Summary!$V$5:$V$254,0))) -> 11
A77: 5 | B77: =IF(LARGE(Agent_Summary!$U$5:$U$254,5)<0,"",INDEX(Agent_Summary!$B$5:$B$254,MATCH(LARGE(Agent_Summary!$U$5:$U$254,5),Agent_Summary!$U$5:$U$254,0))) -> Moutasem Ahmed Mohamed Saied | C77: =IF(LARGE(Agent_Summary!$U$5:$U$254,5)<0,"",INDEX(Agent_Summary!$C$5:$C$254,MATCH(LARGE(Agent_Summary!$U$5:$U$254,5),Agent_Summary!$U$5:$U$254,0))) -> Mohamed Ashour | D77: =IF(LARGE(Agent_Summary!$U$5:$U$254,5)<0,"",INDEX(Agent_Summary!$K$5:$K$254,MATCH(LARGE(Agent_Summary!$U$5:$U$254,5),Agent_Summary!$U$5:$U$254,0))) -> 12 | E77: =IF(LARGE(Agent_Summary!$U$5:$U$254,5)<0,"",INDEX(Agent_Summary!$I$5:$I$254,MATCH(LARGE(Agent_Summary!$U$5:$U$254,5),Agent_Summary!$U$5:$U$254,0))) -> 3 | F77: =IF(LARGE(Agent_Summary!$U$5:$U$254,5)<0,"",INDEX(Agent_Summary!$J$5:$J$254,MATCH(LARGE(Agent_Summary!$U$5:$U$254,5),Agent_Summary!$U$5:$U$254,0))) -> 9 | H77: 5 | I77: =IF(SMALL(Agent_Summary!$V$5:$V$254,5)>=1000000000,"",INDEX(Agent_Summary!$B$5:$B$254,MATCH(SMALL(Agent_Summary!$V$5:$V$254,5),Agent_Summary!$V$5:$V$254,0))) -> Anas Abdulrahman | J77: =IF(SMALL(Agent_Summary!$V$5:$V$254,5)>=1000000000,"",INDEX(Agent_Summary!$C$5:$C$254,MATCH(SMALL(Agent_Summary!$V$5:$V$254,5),Agent_Summary!$V$5:$V$254,0))) -> Essam Medhat | K77: =IF(SMALL(Agent_Summary!$V$5:$V$254,5)>=1000000000,"",INDEX(Agent_Summary!$K$5:$K$254,MATCH(SMALL(Agent_Summary!$V$5:$V$254,5),Agent_Summary!$V$5:$V$254,0))) -> 0 | L77: =IF(SMALL(Agent_Summary!$V$5:$V$254,5)>=1000000000,"",INDEX(Agent_Summary!$L$5:$L$254,MATCH(SMALL(Agent_Summary!$V$5:$V$254,5),Agent_Summary!$V$5:$V$254,0))) -> 0 | M77: =IF(SMALL(Agent_Summary!$V$5:$V$254,5)>=1000000000,"",INDEX(Agent_Summary!$P$5:$P$254,MATCH(SMALL(Agent_Summary!$V$5:$V$254,5),Agent_Summary!$V$5:$V$254,0))) -> 46296 | N77: =IF(SMALL(Agent_Summary!$V$5:$V$254,5)>=1000000000,"",INDEX(Agent_Summary!$Q$5:$Q$254,MATCH(SMALL(Agent_Summary!$V$5:$V$254,5),Agent_Summary!$V$5:$V$254,0))) -> 7
A78: 6 | B78: =IF(LARGE(Agent_Summary!$U$5:$U$254,6)<0,"",INDEX(Agent_Summary!$B$5:$B$254,MATCH(LARGE(Agent_Summary!$U$5:$U$254,6),Agent_Summary!$U$5:$U$254,0))) -> Hisham Ahmed Saad Abd Elnaby | C78: =IF(LARGE(Agent_Summary!$U$5:$U$254,6)<0,"",INDEX(Agent_Summary!$C$5:$C$254,MATCH(LARGE(Agent_Summary!$U$5:$U$254,6),Agent_Summary!$U$5:$U$254,0))) -> Salma Ahmed | D78: =IF(LARGE(Agent_Summary!$U$5:$U$254,6)<0,"",INDEX(Agent_Summary!$K$5:$K$254,MATCH(LARGE(Agent_Summary!$U$5:$U$254,6),Agent_Summary!$U$5:$U$254,0))) -> 11 | E78: =IF(LARGE(Agent_Summary!$U$5:$U$254,6)<0,"",INDEX(Agent_Summary!$I$5:$I$254,MATCH(LARGE(Agent_Summary!$U$5:$U$254,6),Agent_Summary!$U$5:$U$254,0))) -> 2 | F78: =IF(LARGE(Agent_Summary!$U$5:$U$254,6)<0,"",INDEX(Agent_Summary!$J$5:$J$254,MATCH(LARGE(Agent_Summary!$U$5:$U$254,6),Agent_Summary!$U$5:$U$254,0))) -> 9 | H78: 6 | I78: =IF(SMALL(Agent_Summary!$V$5:$V$254,6)>=1000000000,"",INDEX(Agent_Summary!$B$5:$B$254,MATCH(SMALL(Agent_Summary!$V$5:$V$254,6),Agent_Summary!$V$5:$V$254,0))) -> Salma Mustafa | J78: =IF(SMALL(Agent_Summary!$V$5:$V$254,6)>=1000000000,"",INDEX(Agent_Summary!$C$5:$C$254,MATCH(SMALL(Agent_Summary!$V$5:$V$254,6),Agent_Summary!$V$5:$V$254,0))) -> Essam Medhat | K78: =IF(SMALL(Agent_Summary!$V$5:$V$254,6)>=1000000000,"",INDEX(Agent_Summary!$K$5:$K$254,MATCH(SMALL(Agent_Summary!$V$5:$V$254,6),Agent_Summary!$V$5:$V$254,0))) -> 0 | L78: =IF(SMALL(Agent_Summary!$V$5:$V$254,6)>=1000000000,"",INDEX(Agent_Summary!$L$5:$L$254,MATCH(SMALL(Agent_Summary!$V$5:$V$254,6),Agent_Summary!$V$5:$V$254,0))) -> 0 | M78: =IF(SMALL(Agent_Summary!$V$5:$V$254,6)>=1000000000,"",INDEX(Agent_Summary!$P$5:$P$254,MATCH(SMALL(Agent_Summary!$V$5:$V$254,6),Agent_Summary!$V$5:$V$254,0))) -> 46276 | N78: =IF(SMALL(Agent_Summary!$V$5:$V$254,6)>=1000000000,"",INDEX(Agent_Summary!$Q$5:$Q$254,MATCH(SMALL(Agent_Summary!$V$5:$V$254,6),Agent_Summary!$V$5:$V$254,0))) -> 27
A79: 7 | B79: =IF(LARGE(Agent_Summary!$U$5:$U$254,7)<0,"",INDEX(Agent_Summary!$B$5:$B$254,MATCH(LARGE(Agent_Summary!$U$5:$U$254,7),Agent_Summary!$U$5:$U$254,0))) -> Esraa Ahmed Metwally Hanafey Aboied | C79: =IF(LARGE(Agent_Summary!$U$5:$U$254,7)<0,"",INDEX(Agent_Summary!$C$5:$C$254,MATCH(LARGE(Agent_Summary!$U$5:$U$254,7),Agent_Summary!$U$5:$U$254,0))) -> Ahmed Aboelgoud | D79: =IF(LARGE(Agent_Summary!$U$5:$U$254,7)<0,"",INDEX(Agent_Summary!$K$5:$K$254,MATCH(LARGE(Agent_Summary!$U$5:$U$254,7),Agent_Summary!$U$5:$U$254,0))) -> 11 | E79: =IF(LARGE(Agent_Summary!$U$5:$U$254,7)<0,"",INDEX(Agent_Summary!$I$5:$I$254,MATCH(LARGE(Agent_Summary!$U$5:$U$254,7),Agent_Summary!$U$5:$U$254,0))) -> 0 | F79: =IF(LARGE(Agent_Summary!$U$5:$U$254,7)<0,"",INDEX(Agent_Summary!$J$5:$J$254,MATCH(LARGE(Agent_Summary!$U$5:$U$254,7),Agent_Summary!$U$5:$U$254,0))) -> 11 | H79: 7 | I79: =IF(SMALL(Agent_Summary!$V$5:$V$254,7)>=1000000000,"",INDEX(Agent_Summary!$B$5:$B$254,MATCH(SMALL(Agent_Summary!$V$5:$V$254,7),Agent_Summary!$V$5:$V$254,0))) -> Abdallah Abdellaziz Abdallah Abdellaziz | J79: =IF(SMALL(Agent_Summary!$V$5:$V$254,7)>=1000000000,"",INDEX(Agent_Summary!$C$5:$C$254,MATCH(SMALL(Agent_Summary!$V$5:$V$254,7),Agent_Summary!$V$5:$V$254,0))) -> Mina Milad | K79: =IF(SMALL(Agent_Summary!$V$5:$V$254,7)>=1000000000,"",INDEX(Agent_Summary!$K$5:$K$254,MATCH(SMALL(Agent_Summary!$V$5:$V$254,7),Agent_Summary!$V$5:$V$254,0))) -> 0 | L79: =IF(SMALL(Agent_Summary!$V$5:$V$254,7)>=1000000000,"",INDEX(Agent_Summary!$L$5:$L$254,MATCH(SMALL(Agent_Summary!$V$5:$V$254,7),Agent_Summary!$V$5:$V$254,0))) -> 0 | M79: =IF(SMALL(Agent_Summary!$V$5:$V$254,7)>=1000000000,"",INDEX(Agent_Summary!$P$5:$P$254,MATCH(SMALL(Agent_Summary!$V$5:$V$254,7),Agent_Summary!$V$5:$V$254,0))) -> 46291 | N79: =IF(SMALL(Agent_Summary!$V$5:$V$254,7)>=1000000000,"",INDEX(Agent_Summary!$Q$5:$Q$254,MATCH(SMALL(Agent_Summary!$V$5:$V$254,7),Agent_Summary!$V$5:$V$254,0))) -> 12
A80: 8 | B80: =IF(LARGE(Agent_Summary!$U$5:$U$254,8)<0,"",INDEX(Agent_Summary!$B$5:$B$254,MATCH(LARGE(Agent_Summary!$U$5:$U$254,8),Agent_Summary!$U$5:$U$254,0))) -> Walaa Reda Abd El Galel Atta | C80: =IF(LARGE(Agent_Summary!$U$5:$U$254,8)<0,"",INDEX(Agent_Summary!$C$5:$C$254,MATCH(LARGE(Agent_Summary!$U$5:$U$254,8),Agent_Summary!$U$5:$U$254,0))) -> Salma Ahmed | D80: =IF(LARGE(Agent_Summary!$U$5:$U$254,8)<0,"",INDEX(Agent_Summary!$K$5:$K$254,MATCH(LARGE(Agent_Summary!$U$5:$U$254,8),Agent_Summary!$U$5:$U$254,0))) -> 10 | E80: =IF(LARGE(Agent_Summary!$U$5:$U$254,8)<0,"",INDEX(Agent_Summary!$I$5:$I$254,MATCH(LARGE(Agent_Summary!$U$5:$U$254,8),Agent_Summary!$U$5:$U$254,0))) -> 3 | F80: =IF(LARGE(Agent_Summary!$U$5:$U$254,8)<0,"",INDEX(Agent_Summary!$J$5:$J$254,MATCH(LARGE(Agent_Summary!$U$5:$U$254,8),Agent_Summary!$U$5:$U$254,0))) -> 7 | H80: 8 | I80: =IF(SMALL(Agent_Summary!$V$5:$V$254,8)>=1000000000,"",INDEX(Agent_Summary!$B$5:$B$254,MATCH(SMALL(Agent_Summary!$V$5:$V$254,8),Agent_Summary!$V$5:$V$254,0))) -> Abdelrahman Eid | J80: =IF(SMALL(Agent_Summary!$V$5:$V$254,8)>=1000000000,"",INDEX(Agent_Summary!$C$5:$C$254,MATCH(SMALL(Agent_Summary!$V$5:$V$254,8),Agent_Summary!$V$5:$V$254,0))) -> Mina Milad | K80: =IF(SMALL(Agent_Summary!$V$5:$V$254,8)>=1000000000,"",INDEX(Agent_Summary!$K$5:$K$254,MATCH(SMALL(Agent_Summary!$V$5:$V$254,8),Agent_Summary!$V$5:$V$254,0))) -> 0 | L80: =IF(SMALL(Agent_Summary!$V$5:$V$254,8)>=1000000000,"",INDEX(Agent_Summary!$L$5:$L$254,MATCH(SMALL(Agent_Summary!$V$5:$V$254,8),Agent_Summary!$V$5:$V$254,0))) -> 0 | M80: =IF(SMALL(Agent_Summary!$V$5:$V$254,8)>=1000000000,"",INDEX(Agent_Summary!$P$5:$P$254,MATCH(SMALL(Agent_Summary!$V$5:$V$254,8),Agent_Summary!$V$5:$V$254,0))) -> 46273 | N80: =IF(SMALL(Agent_Summary!$V$5:$V$254,8)>=1000000000,"",INDEX(Agent_Summary!$Q$5:$Q$254,MATCH(SMALL(Agent_Summary!$V$5:$V$254,8),Agent_Summary!$V$5:$V$254,0))) -> 30
A81: 9 | B81: =IF(LARGE(Agent_Summary!$U$5:$U$254,9)<0,"",INDEX(Agent_Summary!$B$5:$B$254,MATCH(LARGE(Agent_Summary!$U$5:$U$254,9),Agent_Summary!$U$5:$U$254,0))) -> Hussien Ahmed Ahmed Eladawy | C81: =IF(LARGE(Agent_Summary!$U$5:$U$254,9)<0,"",INDEX(Agent_Summary!$C$5:$C$254,MATCH(LARGE(Agent_Summary!$U$5:$U$254,9),Agent_Summary!$U$5:$U$254,0))) -> Shereen Kamal | D81: =IF(LARGE(Agent_Summary!$U$5:$U$254,9)<0,"",INDEX(Agent_Summary!$K$5:$K$254,MATCH(LARGE(Agent_Summary!$U$5:$U$254,9),Agent_Summary!$U$5:$U$254,0))) -> 9 | E81: =IF(LARGE(Agent_Summary!$U$5:$U$254,9)<0,"",INDEX(Agent_Summary!$I$5:$I$254,MATCH(LARGE(Agent_Summary!$U$5:$U$254,9),Agent_Summary!$U$5:$U$254,0))) -> 1 | F81: =IF(LARGE(Agent_Summary!$U$5:$U$254,9)<0,"",INDEX(Agent_Summary!$J$5:$J$254,MATCH(LARGE(Agent_Summary!$U$5:$U$254,9),Agent_Summary!$U$5:$U$254,0))) -> 8 | H81: 9 | I81: =IF(SMALL(Agent_Summary!$V$5:$V$254,9)>=1000000000,"",INDEX(Agent_Summary!$B$5:$B$254,MATCH(SMALL(Agent_Summary!$V$5:$V$254,9),Agent_Summary!$V$5:$V$254,0))) -> Bassant Mohamed | J81: =IF(SMALL(Agent_Summary!$V$5:$V$254,9)>=1000000000,"",INDEX(Agent_Summary!$C$5:$C$254,MATCH(SMALL(Agent_Summary!$V$5:$V$254,9),Agent_Summary!$V$5:$V$254,0))) -> Mina Milad | K81: =IF(SMALL(Agent_Summary!$V$5:$V$254,9)>=1000000000,"",INDEX(Agent_Summary!$K$5:$K$254,MATCH(SMALL(Agent_Summary!$V$5:$V$254,9),Agent_Summary!$V$5:$V$254,0))) -> 0 | L81: =IF(SMALL(Agent_Summary!$V$5:$V$254,9)>=1000000000,"",INDEX(Agent_Summary!$L$5:$L$254,MATCH(SMALL(Agent_Summary!$V$5:$V$254,9),Agent_Summary!$V$5:$V$254,0))) -> 0 | M81: =IF(SMALL(Agent_Summary!$V$5:$V$254,9)>=1000000000,"",INDEX(Agent_Summary!$P$5:$P$254,MATCH(SMALL(Agent_Summary!$V$5:$V$254,9),Agent_Summary!$V$5:$V$254,0))) -> 46247 | N81: =IF(SMALL(Agent_Summary!$V$5:$V$254,9)>=1000000000,"",INDEX(Agent_Summary!$Q$5:$Q$254,MATCH(SMALL(Agent_Summary!$V$5:$V$254,9),Agent_Summary!$V$5:$V$254,0))) -> 56
A82: 10 | B82: =IF(LARGE(Agent_Summary!$U$5:$U$254,10)<0,"",INDEX(Agent_Summary!$B$5:$B$254,MATCH(LARGE(Agent_Summary!$U$5:$U$254,10),Agent_Summary!$U$5:$U$254,0))) -> Abdullah Ehab Ahmed Abdelsalam Elkady | C82: =IF(LARGE(Agent_Summary!$U$5:$U$254,10)<0,"",INDEX(Agent_Summary!$C$5:$C$254,MATCH(LARGE(Agent_Summary!$U$5:$U$254,10),Agent_Summary!$U$5:$U$254,0))) -> Rahma Samir | D82: =IF(LARGE(Agent_Summary!$U$5:$U$254,10)<0,"",INDEX(Agent_Summary!$K$5:$K$254,MATCH(LARGE(Agent_Summary!$U$5:$U$254,10),Agent_Summary!$U$5:$U$254,0))) -> 9 | E82: =IF(LARGE(Agent_Summary!$U$5:$U$254,10)<0,"",INDEX(Agent_Summary!$I$5:$I$254,MATCH(LARGE(Agent_Summary!$U$5:$U$254,10),Agent_Summary!$U$5:$U$254,0))) -> 0 | F82: =IF(LARGE(Agent_Summary!$U$5:$U$254,10)<0,"",INDEX(Agent_Summary!$J$5:$J$254,MATCH(LARGE(Agent_Summary!$U$5:$U$254,10),Agent_Summary!$U$5:$U$254,0))) -> 9 | H82: 10 | I82: =IF(SMALL(Agent_Summary!$V$5:$V$254,10)>=1000000000,"",INDEX(Agent_Summary!$B$5:$B$254,MATCH(SMALL(Agent_Summary!$V$5:$V$254,10),Agent_Summary!$V$5:$V$254,0))) -> Omar Elmeniawy | J82: =IF(SMALL(Agent_Summary!$V$5:$V$254,10)>=1000000000,"",INDEX(Agent_Summary!$C$5:$C$254,MATCH(SMALL(Agent_Summary!$V$5:$V$254,10),Agent_Summary!$V$5:$V$254,0))) -> Mina Milad | K82: =IF(SMALL(Agent_Summary!$V$5:$V$254,10)>=1000000000,"",INDEX(Agent_Summary!$K$5:$K$254,MATCH(SMALL(Agent_Summary!$V$5:$V$254,10),Agent_Summary!$V$5:$V$254,0))) -> 0 | L82: =IF(SMALL(Agent_Summary!$V$5:$V$254,10)>=1000000000,"",INDEX(Agent_Summary!$L$5:$L$254,MATCH(SMALL(Agent_Summary!$V$5:$V$254,10),Agent_Summary!$V$5:$V$254,0))) -> 0 | M82: =IF(SMALL(Agent_Summary!$V$5:$V$254,10)>=1000000000,"",INDEX(Agent_Summary!$P$5:$P$254,MATCH(SMALL(Agent_Summary!$V$5:$V$254,10),Agent_Summary!$V$5:$V$254,0))) -> 46292 | N82: =IF(SMALL(Agent_Summary!$V$5:$V$254,10)>=1000000000,"",INDEX(Agent_Summary!$Q$5:$Q$254,MATCH(SMALL(Agent_Summary!$V$5:$V$254,10),Agent_Summary!$V$5:$V$254,0))) -> 11
A84: CHARTS – account trend (all days), leader comparison (selected period), daily mix

Sheet Insights
A1: Insights & Recommendations
A2: Static insights computed from the full tracker history (as of 08 Oct 2026); the live block at the top follows the Dashboard selection.
B4: LIVE – follows the Dashboard selection (dates / Ops Manager / Team Leader)
A5: ● | B5: ="Selected period "&TEXT(Dashboard!$C$5,"dd-mmm")&" to "&TEXT(Dashboard!$C$6,"dd-mmm")&": "&TEXT(Dashboard!E5,"#,##0")&" units ("&TEXT(Dashboard!E6,"+#,##0;-#,##0;0")&" vs prior period), "&TEXT(Dashboard!M5,"#,##0")&" active sellers out of "&COUNTIF(Agent_Summary!$T$5:$T$254,1)&" agents in scope ("&TEXT(Dashboard!G10,"0%")&" participation)." -> Selected period 02-Oct to 08-Oct: 565 units (+110 vs prior period), 138 active sellers out of 250 agents in scope (55% participation).
A6: ● | B6: ="Best leader in the period: "&INDEX(Dashboard!$B$30:$B$43,MATCH(MAX(Dashboard!$H$30:$H$43),Dashboard!$H$30:$H$43,0))&" with "&TEXT(MAX(Dashboard!$H$30:$H$43),"#,##0")&" units ("&TEXT(INDEX(Dashboard!$I$30:$I$43,MATCH(MAX(Dashboard!$H$30:$H$43),Dashboard!$H$30:$H$43,0)),"0.00")&" per head). Lowest: "&INDEX(Dashboard!$B$30:$B$43,MATCH(MIN(Dashboard!$H$30:$H$43),Dashboard!$H$30:$H$43,0))&" with "&TEXT(MIN(Dashboard!$H$30:$H$43),"#,##0")&" units." -> Best leader in the period: Salma Ahmed with 85 units (5.00 per head). Lowest: Taher Yehia with 0 units.
A7: ● | B7: ="Top agent in scope: "&Dashboard!B73&" ("&Dashboard!C73&") with "&TEXT(Dashboard!D73,"#,##0")&" units. Production agents in scope with zero units: "&COUNTIFS(Agent_Summary!$T$5:$T$254,1,Agent_Summary!$E$5:$E$254,"Production",Agent_Summary!$K$5:$K$254,0)&"." -> Top agent in scope: Samuel Wadie Morgan Tawfik (Salma Ahmed) with 32 units. Production agents in scope with zero units: 33.
A8: ● | B8: ="Mix in period: "&TEXT(IFERROR(Dashboard!I5/Dashboard!E5,0),"0%")&" GSR / "&TEXT(IFERROR(Dashboard!G5/Dashboard!E5,0),"0%")&" XM Lines. XMC attach "&TEXT(Dashboard!I10,"0.0%")&" ("&TEXT(Dashboard!I11,"+0.0%;-0.0%")&" vs prior), E-SIM activation "&TEXT(Dashboard!K10,"0.0%")&"." -> Mix in period: 74% GSR / 26% XM Lines. XMC attach 22.0% (+7.2% vs prior), E-SIM activation 68.0%.
B10: 1. ACCOUNT TREND (day-over-day)
A11: • | B11: Volume has stepped up every month: average units per day went Jul 35.9 → Aug 32.1 → Sep 61.2 → Oct 77.1. The tracker started on 22 Jul, so July is a partial month.
A12: • | B12: Last 7 days (02 Oct–08 Oct): 565 units vs 455 the 7 days before (+24%). Peak day so far: Wed 07 Oct with 125 units; 08 Oct closed at 123.
A13: • | B13: Weekday pattern (avg units per day): strongest Monday (55), weakest Sunday (41). Use the Daily_Account WoW % column to compare like-for-like weekdays instead of raw DoD on weekends.
A14: • | B14: Dates in this file are business days: the shift runs 15:00 Cairo to 07:00 the next morning (US hours), so a sale logged at 02:00 on 5 Oct counts toward the 4 Oct business day. Day-over-day figures therefore compare full shifts, not calendar days.
B16: 2. PRODUCT MIX & QUALITY OF SALE
A17: • | B17: GSRs are 72% of all units (2,735) vs XM Lines 28% (1,072). GSR type mix: Speed Upgrade 1,472, X-PRO 740, Adding LOB (Internet-TV) 312, XMC 106, Mobile Plus Plan 98. Speed Upgrade alone is 54% of GSR type counts.
A18: • | B18: XMC attach on XM Line sales is only 14.3% overall (100 of 699 answered) and 15.5% in the last 30 days – the single biggest upsell gap. E-SIM activation on e-SIM sales is 78.8% overall and 75.9% in the last 30 days.
A19: • | B19: Device attach: iPhone 407, Samsung 81, Apple Watch 54, BYOD 37, Motorola 13, iPad 10, Samsung Watch 9. 'Free Line for 1 Year' is the dominant promotion (427 entries).
B21: 3. LEADER LEVEL (last 30 days, units per head so team sizes are comparable)
A22: • | B22: Top 3 leaders by units per head: Salma Ahmed 18.9 (HC 17, participation 88%), Shereen Kamal 16.6 (HC 16, participation 94%), Mohamed Ashour 13.9 (HC 15, participation 87%).
A23: • | B23: Bottom 3 leaders by units per head: Mostafa Mokhtar 0.6 (HC 19, participation 26%), Omar Osama 0.2 (HC 22, participation 14%), Taher Yehia 0.0 (HC 19, participation 0%). Note: teams with Training-phase agents will naturally sit lower – check the Phase column in Agent_Summary before comparing.
A24: • | B24: Biggest 30-day movers vs the prior 30 days – up: Ahmed Aboelgoud +228, Salma Ahmed +157, Mohamed Ashour +156. Down: Rahma Samir -50, Mina Milad -45.
A25: • | B25: Ops Managers (units per head, last 30 days): Bishoy Mourad 9.5 (HC 104), Ramadan Gamal 7.0 (HC 120), Mohamed Radwan 1.1 (HC 26).
A26: • | B26: Tenure effect (units per head, last 30 days): 60-120: 11.8, 120+: 6.3, 30-60: 6.3. Newer agents (30-60 days) are the largest group on the roster – ramp coaching has the biggest leverage.
B28: 4. AGENT LEVEL
A29: • | B29: Output is well spread: the top 10 agents produced 19% of all units in the last 30 days. #1 is Samuel Wadie Morgan Tawfik (Salma Ahmed) with 50 units – 3% of the roster total alone.
A30: • | B30: 11 of 133 Production-phase agents logged zero units in the last 30 days (Rahma Samir: 4, Mina Milad: 2, Mohamed Ashour: 2, Salma Ahmed: 2, Shereen Kamal: 1 …). These are the first names to pull into the Bottom-10 coaching list on the Dashboard.
A31: • | B31: Training-phase agents (117 on roster) already contributed 186 units in the last 30 days – track them separately so early wins are recognised and tracker discipline is built from day one.
B33: 5. DATA QUALITY (fix these to make the numbers trustworthy)
A34: • | B34: 419 entries (12%) carry an HRID that is not on the roster (89 distinct values, 488 units). Most are 9-digit IDs that look valid (likely attrited or transferred agents) – e.g. HRID 100071916 alone has 79 entries. Add these agents to the roster (or a 'Leavers' tab) to attribute them to leaders.
A35: • | B35: 207 entries are exact duplicates (same HRID + account + order number + type) and are excluded by default (toggle on the Dashboard). 507 entries have an unusable order number (e.g. '1', '0', '.', 'N/A', pasted work-order text). Make the Order Number field numeric-only in the Form.
A36: • | B36: The 'Count of GSR' field only exists since 24 Aug; before that GSR units are inferred from the number of GSR types ticked. 8-digit / 10-digit HRID typos were auto-corrected where a unique roster match existed; make HRID a validated 9-digit field in the Form.
B38: 6. RECOMMENDED ACTIONS FOR THE 3 NEWLY-PROMOTED LEADERS
A39: • | B39: Daily (10 min): open Leader_Trend and Daily_Agent with your team selected, read the DoD Δ row and the Rank-in-Team row; message every agent with 0 units by mid-shift and recognise the top mover publicly.
A40: • | B40: Weekly: use the Dashboard with From/To set to the week and Team Leader set to your name – review Participation %, Units / Active Seller and the Bottom-10 list; pair each bottom-10 agent with a top-10 agent for a side-by-side on XMC attach and e-SIM activation.
A41: • | B41: Pitch focus: XMC attach is below 15% – build a one-line XMC offer into every XM Line close; e-SIM activation misses should be followed up the same shift, since an unactivated e-SIM is a sale at risk.
A42: • | B42: Hygiene: every agent submits the form before closing the interaction, HRID copied from the roster, order number from the system – one wrong HRID removes the sale from your scorecard.

Sheet Sales_Data
A1: ID | B1: Completion Time | C1: Business Date | D1: Weekday | E1: HRID (Raw) | F1: HRID (Mapped) | G1: Agent Name | H1: Team Leader | I1: Ops Manager | J1: Phase | K1: Tenure Bucket | L1: Entry Type | M1: XM Lines | N1: GSR Units | O1: Total Units | P1: Speed Upgrade | Q1: X-PRO | R1: Adding LOB | S1: Mobile Plus Plan | T1: XMC (GSR) | U1: Added XMC? | V1: SIM Type | W1: E-SIM Activated? | X1: Device Sold | Y1: Promotion | Z1: Account Number | AA1: Order Number | AB1: Order Valid | AC1: Duplicate Flag | AD1: In Roster | AE1: Include | AF1: Agent-Day First
A2: 1 | B2: 46225.843 | C2: 46225 | D2: Wed | E2: 100071936 | F2: 100071936 | G2: Omar Sayed Mohammed Abdelhamid | H2: Shereen Kamal | I2: Bishoy Mourad | J2: Production | K2: 60-120 | L2: GSRs | M2: 0 | N2: 2 | O2: 2 | P2: 1 | Q2: 1 | R2: 0 | S2: 0 | T2: 0 | Z2: 8499053500233291 | AA2: i don't know | AB2: 0 | AC2: 0 | AD2: 1 | AE2: =IF(AND(Dashboard!$C$9="Yes",AC2=1),0,1) -> 1 | AF2: 1
A3: 2 | B3: 46225.853 | C3: 46225 | D3: Wed | E3: 100049049 | F3: UNMAPPED:100049049 | G3: Not in Roster | H3: Not in Roster | I3: Not in Roster | J3: - | K3: - | L3: XM Lines | M3: 1 | N3: 0 | O3: 1 | P3: 0 | Q3: 0 | R3: 0 | S3: 0 | T3: 0 | Z3: 8773100771535297 | AA3: 3726419292339260853 | AB3: 1 | AC3: 0 | AD3: 0 | AE3: =IF(AND(Dashboard!$C$9="Yes",AC3=1),0,1) -> 1 | AF3: 1
A4: 3 | B4: 46225.911 | C4: 46225 | D4: Wed | E4: 100071351 | F4: 100071351 | G4: Sama Abdelqawy | H4: Mina Milad | I4: Bishoy Mourad | J4: Production | K4: 60-120 | L4: GSRs | M4: 0 | N4: 1 | O4: 1 | P4: 1 | Q4: 0 | R4: 0 | S4: 0 | T4: 0 | Z4: 8535101720179558 | AA4: 1002501601592036 | AB4: 1 | AC4: 0 | AD4: 1 | AE4: =IF(AND(Dashboard!$C$9="Yes",AC4=1),0,1) -> 1 | AF4: 1
A5: 4 | B5: 46225.925 | C5: 46225 | D5: Wed | E5: 100071364 | F5: 100071364 | G5: Omar Elmeniawy | H5: Mina Milad | I5: Bishoy Mourad | J5: Production | K5: 60-120 | L5: GSRs | M5: 0 | N5: 1 | O5: 1 | P5: 0 | Q5: 0 | R5: 1 | S5: 0 | T5: 0 | Z5: 8155400397121334 | AA5: 1002149798172020 | AB5: 1 | AC5: 0 | AD5: 1 | AE5: =IF(AND(Dashboard!$C$9="Yes",AC5=1),0,1) -> 1 | AF5: 1
A6: 5 | B6: 46225.985 | C6: 46225 | D6: Wed | E6: 100071354 | F6: 100071354 | G6: Ehab Elsawah | H6: Mina Milad | I6: Bishoy Mourad | J6: Production | K6: 60-120 | L6: GSRs | M6: 0 | N6: 1 | O6: 1 | P6: 1 | Q6: 0 | R6: 0 | S6: 0 | T6: 0 | Z6: 8299420260228963 | AA6: 1002130695102096 | AB6: 1 | AC6: 0 | AD6: 1 | AE6: =IF(AND(Dashboard!$C$9="Yes",AC6=1),0,1) -> 1 | AF6: 1
A7: 6 | B7: 46225.99 | C7: 46225 | D7: Wed | E7: 100071359 | F7: UNMAPPED:100071359 | G7: Not in Roster | H7: Not in Roster | I7: Not in Roster | J7: - | K7: - | L7: XM Lines | M7: 1 | N7: 0 | O7: 1 | P7: 0 | Q7: 0 | R7: 0 | S7: 0 | T7: 0 | Z7: 8771100820009387 | AA7: 3721673292348439607 | AB7: 1 | AC7: 0 | AD7: 0 | AE7: =IF(AND(Dashboard!$C$9="Yes",AC7=1),0,1) -> 1 | AF7: 1
A8: 7 | B8: 46225.99 | C8: 46225 | D8: Wed | E8: 100071359 | F8: UNMAPPED:100071359 | G8: Not in Roster | H8: Not in Roster | I8: Not in Roster | J8: - | K8: - | L8: XM Lines | M8: 1 | N8: 0 | O8: 1 | P8: 0 | Q8: 0 | R8: 0 | S8: 0 | T8: 0 | Z8: 8771100820009387 | AA8: 3721678292345414436 | AB8: 1 | AC8: 0 | AD8: 0 | AE8: =IF(AND(Dashboard!$C$9="Yes",AC8=1),0,1) -> 1 | AF8: 0
A9: 8 | B9: 46225.992 | C9: 46225 | D9: Wed | E9: 100066493 | F9: 100066493 | G9: Muhammad Gamal Metwally Muhammad Alsharkawy | H9: Salma Ahmed | I9: Ramadan Gamal | J9: Production | K9: 120+ | L9: GSRs | M9: 0 | N9: 1 | O9: 1 | P9: 1 | Q9: 0 | R9: 0 | S9: 0 | T9: 0 | Z9: 8396500034348767 | AA9: 1001306933502104 | AB9: 1 | AC9: 0 | AD9: 1 | AE9: =IF(AND(Dashboard!$C$9="Yes",AC9=1),0,1) -> 1 | AF9: 1
A10: 9 | B10: 46226.008 | C10: 46225 | D10: Wed | E10: 100066493 | F10: 100066493 | G10: Muhammad Gamal Metwally Muhammad Alsharkawy | H10: Salma Ahmed | I10: Ramadan Gamal | J10: Production | K10: 120+ | L10: XM Lines | M10: 1 | N10: 0 | O10: 1 | P10: 0 | Q10: 0 | R10: 0 | S10: 0 | T10: 0 | Z10: 8499100227085924 | AA10: 3726422292352394090 | AB10: 1 | AC10: 0 | AD10: 1 | AE10: =IF(AND(Dashboard!$C$9="Yes",AC10=1),0,1) -> 1 | AF10: 0
A11: 10 | B11: 46226.04 | C11: 46225 | D11: Wed | E11: 100055944 | F11: 100055944 | G11: Mohamed Ahmed | H11: Salma Ahmed | I11: Ramadan Gamal | J11: Production | K11: 120+ | L11: GSRs | M11: 0 | N11: 1 | O11: 1 | P11: 1 | Q11: 0 | R11: 0 | S11: 0 | T11: 0 | Z11: 8155100120019561 | AA11: 187153 | AB11: 1 | AC11: 0 | AD11: 1 | AE11: =IF(AND(Dashboard!$C$9="Yes",AC11=1),0,1) -> 1 | AF11: 1
A12: 11 | B12: 46226.06 | C12: 46225 | D12: Wed | E12: 100071936 | F12: 100071936 | G12: Omar Sayed Mohammed Abdelhamid | H12: Shereen Kamal | I12: Bishoy Mourad | J12: Production | K12: 60-120 | L12: GSRs | M12: 0 | N12: 2 | O12: 2 | P12: 1 | Q12: 1 | R12: 0 | S12: 0 | T12: 0 | Z12: 8778101011898144 | AA12: GETTING STARTED KIT 1001433148142045 ORDERED Created: July 2 | AB12: 0 | AC12: 0 | AD12: 1 | AE12: =IF(AND(Dashboard!$C$9="Yes",AC12=1),0,1) -> 1 | AF12: 0
A13: 12 | B13: 46226.062 | C13: 46225 | D13: Wed | E13: 100070314 | F13: UNMAPPED:100070314 | G13: Not in Roster | H13: Not in Roster | I13: Not in Roster | J13: - | K13: - | L13: GSRs | M13: 0 | N13: 1 | O13: 1 | P13: 1 | Q13: 0 | R13: 0 | S13: 0 | T13: 0 | Z13: 8773402000017562 | AA13: 1001955552352066 | AB13: 1 | AC13: 0 | AD13: 0 | AE13: =IF(AND(Dashboard!$C$9="Yes",AC13=1),0,1) -> 1 | AF13: 1
... A461: 460 | B461: 46239.862 | C461: 46239 | D461: Wed | E461: 100049049 | F461: UNMAPPED:100049049 | G461: Not in Roster | H461: Not in Roster | I461: Not in Roster | J461: - | K461: - | L461: XM Lines | M461: 1 | N461: 0 | O461: 1 | P461: 0 | Q461: 0 | R461: 0 | S461: 0 | T461: 0 | Z461: 8299400121475342 | AA461: 3729618293549797742 | AB461: 1 | AC461: 0 | AD461: 0 | AE461: =IF(AND(Dashboard!$C$9="Yes",AC461=1),0,1) -> 1 | AF461: 1
A462: 461 | B462: 46239.872 | C462: 46239 | D462: Wed | E462: 100075068 | F462: 100075068 | G462: Seif Abdellah | H462: Anas Sami | I462: Bishoy Mourad | J462: Production | K462: 30-60 | L462: GSRs | M462: 0 | N462: 1 | O462: 1 | P462: 0 | Q462: 1 | R462: 0 | S462: 0 | T462: 0 | Z462: 8993116130294339 | AB462: 0 | AC462: 0 | AD462: 1 | AE462: =IF(AND(Dashboard!$C$9="Yes",AC462=1),0,1) -> 1 | AF462: 1
A463: 462 | B463: 46239.901 | C463: 46239 | D463: Wed | E463: 100071352 | F463: 100071352 | G463: Mohamed Hafez | H463: Mina Milad | I463: Bishoy Mourad | J463: Production | K463: 60-120 | L463: GSRs | M463: 0 | N463: 2 | O463: 2 | P463: 1 | Q463: 0 | R463: 1 | S463: 0 | T463: 0 | Z463: 8155500521307780 | AA463: 1002154275862028 | AB463: 1 | AC463: 0 | AD463: 1 | AE463: =IF(AND(Dashboard!$C$9="Yes",AC463=1),0,1) -> 1 | AF463: 1
A464: 463 | B464: 46239.924 | C464: 46239 | D464: Wed | E464: 100071352 | F464: 100071352 | G464: Mohamed Hafez | H464: Mina Milad | I464: Bishoy Mourad | J464: Production | K464: 60-120 | L464: GSRs | M464: 0 | N464: 1 | O464: 1 | P464: 0 | Q464: 0 | R464: 1 | S464: 0 | T464: 0 | Z464: 8155500521307780 | AA464: 1 | AB464: 0 | AC464: 0 | AD464: 1 | AE464: =IF(AND(Dashboard!$C$9="Yes",AC464=1),0,1) -> 1 | AF464: 0
A465: 464 | B465: 46240.006 | C465: 46239 | D465: Wed | E465: 100071356 | F465: 100071356 | G465: Khaled Hassanen | H465: Mina Milad | I465: Bishoy Mourad | J465: Production | K465: 60-120 | L465: XM Lines | M465: 2 | N465: 0 | O465: 2 | P465: 0 | Q465: 0 | R465: 0 | S465: 0 | T465: 0 | Z465: 8535100601773695 | AA465: 3721672293561691210 | AB465: 1 | AC465: 0 | AD465: 1 | AE465: =IF(AND(Dashboard!$C$9="Yes",AC465=1),0,1) -> 1 | AF465: 0
A466: 465 | B466: 46240.016 | C466: 46239 | D466: Wed | E466: 100071916 | F466: UNMAPPED:100071916 | G466: Not in Roster | H466: Not in Roster | I466: Not in Roster | J466: - | K466: - | L466: GSRs | M466: 0 | N466: 1 | O466: 1 | P466: 1 | Q466: 0 | R466: 0 | S466: 0 | T466: 0 | Z466: 8495600011421940 | AA466: 1002506605302035 | AB466: 1 | AC466: 0 | AD466: 0 | AE466: =IF(AND(Dashboard!$C$9="Yes",AC466=1),0,1) -> 1 | AF466: 1
A467: 466 | B467: 46240.03 | C467: 46239 | D467: Wed | E467: 100071936 | F467: 100071936 | G467: Omar Sayed Mohammed Abdelhamid | H467: Shereen Kamal | I467: Bishoy Mourad | J467: Production | K467: 60-120 | L467: GSRs | M467: 0 | N467: 2 | O467: 2 | P467: 1 | Q467: 1 | R467: 0 | S467: 0 | T467: 0 | Z467: 8499100250089884 | AA467: GETTING STARTED KIT 1002136577012097 ORDERED Created: August | AB467: 0 | AC467: 0 | AD467: 1 | AE467: =IF(AND(Dashboard!$C$9="Yes",AC467=1),0,1) -> 1 | AF467: 1
A468: 467 | B468: 46240.032 | C468: 46239 | D468: Wed | E468: 100070307 | F468: 100070307 | G468: Mohamed Abdulghany Mohamed Elshafey | H468: Essam Medhat | I468: Ramadan Gamal | J468: Production | K468: 30-60 | L468: GSRs | M468: 0 | N468: 1 | O468: 1 | P468: 1 | Q468: 0 | R468: 0 | S468: 0 | T468: 0 | Z468: 8535115061139112 | AA468: 1002506615262039 | AB468: 1 | AC468: 0 | AD468: 1 | AE468: =IF(AND(Dashboard!$C$9="Yes",AC468=1),0,1) -> 1 | AF468: 1
A469: 468 | B469: 46240.06 | C469: 46239 | D469: Wed | E469: 100071916 | F469: UNMAPPED:100071916 | G469: Not in Roster | H469: Not in Roster | I469: Not in Roster | J469: - | K469: - | L469: GSRs | M469: 0 | N469: 1 | O469: 1 | P469: 1 | Q469: 0 | R469: 0 | S469: 0 | T469: 0 | Z469: 8495753921257555 | AA469: 1002506628852032 | AB469: 1 | AC469: 0 | AD469: 0 | AE469: =IF(AND(Dashboard!$C$9="Yes",AC469=1),0,1) -> 1 | AF469: 0
A470: 469 | B470: 46240.09 | C470: 46239 | D470: Wed | E470: 100071354 | F470: 100071354 | G470: Ehab Elsawah | H470: Mina Milad | I470: Bishoy Mourad | J470: Production | K470: 60-120 | L470: GSRs | M470: 0 | N470: 1 | O470: 1 | P470: 1 | Q470: 0 | R470: 0 | S470: 0 | T470: 0 | Z470: 8220199130752618 | AA470: 1002315458022074 | AB470: 1 | AC470: 0 | AD470: 1 | AE470: =IF(AND(Dashboard!$C$9="Yes",AC470=1),0,1) -> 1 | AF470: 1
A471: 470 | B471: 46240.092 | C471: 46239 | D471: Wed | E471: 100071916 | F471: UNMAPPED:100071916 | G471: Not in Roster | H471: Not in Roster | I471: Not in Roster | J471: - | K471: - | L471: GSRs | M471: 0 | N471: 1 | O471: 1 | P471: 1 | Q471: 0 | R471: 0 | S471: 0 | T471: 0 | Z471: 8771201670005234 | AA471: 1002299268132051 | AB471: 1 | AC471: 0 | AD471: 0 | AE471: =IF(AND(Dashboard!$C$9="Yes",AC471=1),0,1) -> 1 | AF471: 0
A472: 471 | B472: 46240.092 | C472: 46239 | D472: Wed | E472: 100071916 | F472: UNMAPPED:100071916 | G472: Not in Roster | H472: Not in Roster | I472: Not in Roster | J472: - | K472: - | L472: XM Lines | M472: 1 | N472: 0 | O472: 1 | P472: 0 | Q472: 0 | R472: 0 | S472: 0 | T472: 0 | Z472: 8495600011421940 | AA472: 3729606293564394293 | AB472: 1 | AC472: 0 | AD472: 0 | AE472: =IF(AND(Dashboard!$C$9="Yes",AC472=1),0,1) -> 1 | AF472: 0
A473: 472 | B473: 46240.133 | C473: 46239 | D473: Wed | E473: 100071611 | F473: 100071611 | G473: Shahd Hanfi | H473: Mina Milad | I473: Bishoy Mourad | J473: Production | K473: 60-120 | L473: GSRs | M473: 0 | N473: 1 | O473: 1 | P473: 1 | Q473: 0 | R473: 0 | S473: 0 | T473: 0 | Z473: 8299610370416918 | AA473: 1002136694642099 | AB473: 1 | AC473: 0 | AD473: 1 | AE473: =IF(AND(Dashboard!$C$9="Yes",AC473=1),0,1) -> 1 | AF473: 1
A474: 473 | B474: 46240.148 | C474: 46239 | D474: Wed | E474: 100075068 | F474: 100075068 | G474: Seif Abdellah | H474: Anas Sami | I474: Bishoy Mourad | J474: Production | K474: 30-60 | L474: GSRs | M474: 0 | N474: 1 | O474: 1 | P474: 1 | Q474: 0 | R474: 0 | S474: 0 | T474: 0 | Z474: 8535100190433156 | AA474: nnn | AB474: 0 | AC474: 0 | AD474: 1 | AE474: =IF(AND(Dashboard!$C$9="Yes",AC474=1),0,1) -> 1 | AF474: 0
... A1054: 1053 | B1054: 46262.018 | C1054: 46261 | D1054: Thu | E1054: 100075067 | F1054: 100075067 | G1054: Ahmed Saeed | H1054: Anas Sami | I1054: Bishoy Mourad | J1054: Production | K1054: 30-60 | L1054: GSRs | M1054: 0 | N1054: 1 | O1054: 1 | P1054: 1 | Q1054: 0 | R1054: 0 | S1054: 0 | T1054: 0 | Z1054: 8396522031443169 | AA1054: . | AB1054: 0 | AC1054: 0 | AD1054: 1 | AE1054: =IF(AND(Dashboard!$C$9="Yes",AC1054=1),0,1) -> 1 | AF1054: 0
A1055: 1054 | B1055: 46262.039 | C1055: 46261 | D1055: Thu | E1055: 100075055 | F1055: 100075055 | G1055: Ahmed Mohamed | H1055: Anas Sami | I1055: Bishoy Mourad | J1055: Production | K1055: 30-60 | L1055: XM Lines | M1055: 1 | N1055: 0 | O1055: 1 | P1055: 0 | Q1055: 0 | R1055: 0 | S1055: 0 | T1055: 0 | U1055: No | V1055: E-sim | W1055: Yes | X1055: iPhone | Y1055: Free Line for 1 Year | Z1055: 8396800100118692 | AA1055: 3731226295459644396 | AB1055: 1 | AC1055: 0 | AD1055: 1 | AE1055: =IF(AND(Dashboard!$C$9="Yes",AC1055=1),0,1) -> 1 | AF1055: 1
A1056: 1055 | B1056: 46262.065 | C1056: 46261 | D1056: Thu | E1056: 100066502 | F1056: 100066502 | G1056: Ahmad Abdelftah Hanafy Etman | H1056: Salma Ahmed | I1056: Ramadan Gamal | J1056: Production | K1056: 120+ | L1056: XM Lines | M1056: 1 | N1056: 0 | O1056: 1 | P1056: 0 | Q1056: 0 | R1056: 0 | S1056: 0 | T1056: 0 | Z1056: 8529201210011630 | AA1056: 3729623295467985968 | AB1056: 1 | AC1056: 0 | AD1056: 1 | AE1056: =IF(AND(Dashboard!$C$9="Yes",AC1056=1),0,1) -> 1 | AF1056: 0
A1057: 1056 | B1057: 46262.073 | C1057: 46261 | D1057: Thu | E1057: 100062651 | F1057: 100062651 | G1057: Germen Shohdy | H1057: Rahma Samir | I1057: Bishoy Mourad | J1057: Production | K1057: 120+ | L1057: XM Lines | M1057: 1 | N1057: 0 | O1057: 1 | P1057: 0 | Q1057: 0 | R1057: 0 | S1057: 0 | T1057: 0 | U1057: Yes | V1057: E-sim | W1057: No | X1057: iPhone | Y1057: New Line with no promotions | Z1057: 8777701741289166 | AA1057: 8777701741289166 | AB1057: 1 | AC1057: 0 | AD1057: 1 | AE1057: =IF(AND(Dashboard!$C$9="Yes",AC1057=1),0,1) -> 1 | AF1057: 1
A1058: 1057 | B1058: 46262.075 | C1058: 46261 | D1058: Thu | E1058: 100075057 | F1058: 100075057 | G1058: Mahmoud Mohamed | H1058: Anas Sami | I1058: Bishoy Mourad | J1058: Production | K1058: 30-60 | L1058: GSRs | M1058: 0 | N1058: 5 | O1058: 5 | P1058: 0 | Q1058: 0 | R1058: 0 | S1058: 1 | T1058: 1 | Z1058: 8497202301098500 | AA1058: 202301098500 | AB1058: 1 | AC1058: 0 | AD1058: 1 | AE1058: =IF(AND(Dashboard!$C$9="Yes",AC1058=1),0,1) -> 1 | AF1058: 1
A1059: 1058 | B1059: 46262.076 | C1059: 46261 | D1059: Thu | E1059: 100075057 | F1059: 100075057 | G1059: Mahmoud Mohamed | H1059: Anas Sami | I1059: Bishoy Mourad | J1059: Production | K1059: 30-60 | L1059: XM Lines | M1059: 1 | N1059: 0 | O1059: 1 | P1059: 0 | Q1059: 0 | R1059: 0 | S1059: 0 | T1059: 0 | U1059: Yes | V1059: Physical SIM | X1059: iPad | Y1059: New Line with no promotions | Z1059: 8497202301098500 | AA1059: 11111111111 | AB1059: 1 | AC1059: 0 | AD1059: 1 | AE1059: =IF(AND(Dashboard!$C$9="Yes",AC1059=1),0,1) -> 1 | AF1059: 0
A1060: 1059 | B1060: 46262.087 | C1060: 46261 | D1060: Thu | E1060: 100062650 | F1060: 100062650 | G1060: Mohamed Ashraf Hassan Al-Elemy | H1060: Salma Ahmed | I1060: Ramadan Gamal | J1060: Production | K1060: 120+ | L1060: XM Lines | M1060: 1 | N1060: 0 | O1060: 1 | P1060: 0 | Q1060: 0 | R1060: 0 | S1060: 0 | T1060: 0 | U1060: No | V1060: E-sim | W1060: Yes | X1060: iPhone | Y1060: Free Line for 1 Year | Z1060: 8499100226604006 | AA1060: 357240430108036 | AB1060: 1 | AC1060: 0 | AD1060: 1 | AE1060: =IF(AND(Dashboard!$C$9="Yes",AC1060=1),0,1) -> 1 | AF1060: 1
A1061: 1060 | B1061: 46262.111 | C1061: 46261 | D1061: Thu | E1061: 100075074 | F1061: 100075074 | G1061: Radwa Ahmed | H1061: Anas Sami | I1061: Bishoy Mourad | J1061: Production | K1061: 30-60 | L1061: GSRs | M1061: 0 | N1061: 2 | O1061: 2 | P1061: 1 | Q1061: 1 | R1061: 0 | S1061: 0 | T1061: 0 | Z1061: 8155400530270048 | AA1061: N\A | AB1061: 0 | AC1061: 0 | AD1061: 1 | AE1061: =IF(AND(Dashboard!$C$9="Yes",AC1061=1),0,1) -> 1 | AF1061: 0
A1062: 1061 | B1062: 46262.115 | C1062: 46261 | D1062: Thu | E1062: 100077674 | F1062: 100077674 | G1062: Seif Eldin Maged Saeed Mattar | H1062: Mohamed Ashour | I1062: Bishoy Mourad | J1062: Production | K1062: 60-120 | L1062: GSRs | M1062: 0 | N1062: 1 | O1062: 1 | P1062: 1 | Q1062: 0 | R1062: 0 | S1062: 0 | T1062: 0 | Z1062: 8220160191681120 | AA1062: 1002322579042072 | AB1062: 1 | AC1062: 0 | AD1062: 1 | AE1062: =IF(AND(Dashboard!$C$9="Yes",AC1062=1),0,1) -> 1 | AF1062: 1
A1063: 1062 | B1063: 46262.12 | C1063: 46261 | D1063: Thu | E1063: 100077683 | F1063: 100077683 | G1063: Mahmoud Hamdi Mansour Haridi | H1063: Rahma Samir | I1063: Bishoy Mourad | J1063: Production | K1063: 60-120 | L1063: GSRs | M1063: 0 | N1063: 1 | O1063: 1 | P1063: 1 | Q1063: 0 | R1063: 0 | S1063: 0 | T1063: 0 | Z1063: 8495741235139007 | AA1063: 530490045 | AB1063: 1 | AC1063: 0 | AD1063: 1 | AE1063: =IF(AND(Dashboard!$C$9="Yes",AC1063=1),0,1) -> 1 | AF1063: 1
A1064: 1063 | B1064: 46262.123 | C1064: 46261 | D1064: Thu | E1064: 100075074 | F1064: 100075074 | G1064: Radwa Ahmed | H1064: Anas Sami | I1064: Bishoy Mourad | J1064: Production | K1064: 30-60 | L1064: XM Lines | M1064: 1 | N1064: 0 | O1064: 1 | P1064: 0 | Q1064: 0 | R1064: 0 | S1064: 0 | T1064: 0 | U1064: No | V1064: E-sim | W1064: Yes | X1064: iPhone | Y1064: Free Line for 1 Year | Z1064: 8155400530270048 | AA1064: N\A | AB1064: 0 | AC1064: 0 | AD1064: 1 | AE1064: =IF(AND(Dashboard!$C$9="Yes",AC1064=1),0,1) -> 1 | AF1064: 0
A1065: 1064 | B1065: 46262.194 | C1065: 46261 | D1065: Thu | E1065: 100072759 | F1065: 100072759 | G1065: Abdelrhman Yasser Kamel Nail | H1065: Mohamed Ashour | I1065: Bishoy Mourad | J1065: Production | K1065: 30-60 | L1065: XM Lines | M1065: 1 | N1065: 0 | O1065: 1 | P1065: 0 | Q1065: 0 | R1065: 0 | S1065: 0 | T1065: 0 | Z1065: 8499100570126622 | AA1065: 3729650295478435953 | AB1065: 1 | AC1065: 0 | AD1065: 1 | AE1065: =IF(AND(Dashboard!$C$9="Yes",AC1065=1),0,1) -> 1 | AF1065: 0
A1066: 1065 | B1066: 46262.194 | C1066: 46261 | D1066: Thu | E1066: 100072759 | F1066: 100072759 | G1066: Abdelrhman Yasser Kamel Nail | H1066: Mohamed Ashour | I1066: Bishoy Mourad | J1066: Production | K1066: 30-60 | L1066: XM Lines | M1066: 1 | N1066: 0 | O1066: 1 | P1066: 0 | Q1066: 0 | R1066: 0 | S1066: 0 | T1066: 0 | Z1066: 8499100570126622 | AA1066: 3729650295478435953 | AB1066: 1 | AC1066: 1 | AD1066: 1 | AE1066: =IF(AND(Dashboard!$C$9="Yes",AC1066=1),0,1) -> 0 | AF1066: 0
A1067: 1066 | B1067: 46262.248 | C1067: 46261 | D1067: Thu | E1067: 100073753 | F1067: 100073753 | G1067: Abdelrahman Araby Farag Abdelwahed | H1067: Mohamed Ashour | I1067: Bishoy Mourad | J1067: Production | K1067: 60-120 | L1067: GSRs | M1067: 0 | N1067: 2 | O1067: 2 | P1067: 1 | Q1067: 1 | R1067: 0 | S1067: 0 | T1067: 0 | Z1067: 8771203301186268 | AA1067: 1002305077372059 | AB1067: 1 | AC1067: 0 | AD1067: 1 | AE1067: =IF(AND(Dashboard!$C$9="Yes",AC1067=1),0,1) -> 1 | AF1067: 0
A1068: 1067 | B1068: 46262.249 | C1068: 46261 | D1068: Thu | E1068: 100062651 | F1068: 100062651 | G1068: Germen Shohdy | H1068: Rahma Samir | I1068: Bishoy Mourad | J1068: Production | K1068: 120+ | L1068: GSRs | M1068: 0 | N1068: 1 | O1068: 1 | P1068: 0 | Q1068: 0 | R1068: 1 | S1068: 0 | T1068: 0 | Z1068: 8299200420484999 | AA1068: 1002146780462096 | AB1068: 1 | AC1068: 0 | AD1068: 1 | AE1068: =IF(AND(Dashboard!$C$9="Yes",AC1068=1),0,1) -> 1 | AF1068: 0
A1069: 1068 | B1069: 46262.252 | C1069: 46261 | D1069: Thu | E1069: 100062651 | F1069: 100062651 | G1069: Germen Shohdy | H1069: Rahma Samir | I1069: Bishoy Mourad | J1069: Production | K1069: 120+ | L1069: GSRs | M1069: 0 | N1069: 1 | O1069: 1 | P1069: 0 | Q1069: 0 | R1069: 1 | S1069: 0 | T1069: 0 | Z1069: 8529112663011508 | AA1069: 1001370784842118 | AB1069: 1 | AC1069: 0 | AD1069: 1 | AE1069: =IF(AND(Dashboard!$C$9="Yes",AC1069=1),0,1) -> 1 | AF1069: 0
A1070: 1069 | B1070: 46262.672 | C1070: 46262 | D1070: Fri | E1070: 100046118 | F1070: 100046118 | G1070: Assem Morsy | H1070: Shereen Kamal | I1070: Bishoy Mourad | J1070: Production | K1070: 30-60 | L1070: GSRs | M1070: 0 | N1070: 1 | O1070: 1 | P1070: 1 | Q1070: 0 | R1070: 0 | S1070: 0 | T1070: 0 | Z1070: 8499102730227753 | AA1070: 1002146911502091 | AB1070: 1 | AC1070: 0 | AD1070: 1 | AE1070: =IF(AND(Dashboard!$C$9="Yes",AC1070=1),0,1) -> 1 | AF1070: 1
A1071: 1070 | B1071: 46262.713 | C1071: 46262 | D1071: Fri | E1071: 100066502 | F1071: 100066502 | G1071: Ahmad Abdelftah Hanafy Etman | H1071: Salma Ahmed | I1071: Ramadan Gamal | J1071: Production | K1071: 120+ | L1071: XM Lines | M1071: 1 | N1071: 0 | O1071: 1 | P1071: 0 | Q1071: 0 | R1071: 0 | S1071: 0 | T1071: 0 | U1071: No | V1071: E-sim | W1071: Yes | X1071: iPhone | Y1071: Free Line for 1 Year | Z1071: 8529201210011630 | AA1071: 3729623295467985968 | AB1071: 1 | AC1071: 1 | AD1071: 1 | AE1071: =IF(AND(Dashboard!$C$9="Yes",AC1071=1),0,1) -> 0 | AF1071: 0
A1072: 1071 | B1072: 46262.73 | C1072: 46262 | D1072: Fri | E1072: 100070317 | F1072: 100070317 | G1072: Abdullah Ehab Ahmed Abdelsalam Elkady | H1072: Rahma Samir | I1072: Bishoy Mourad | J1072: Production | K1072: 60-120 | L1072: GSRs | M1072: 0 | N1072: 1 | O1072: 1 | P1072: 0 | Q1072: 1 | R1072: 0 | S1072: 0 | T1072: 0 | Z1072: 8773500840019639 | AA1072: 1001964436272060 | AB1072: 1 | AC1072: 0 | AD1072: 1 | AE1072: =IF(AND(Dashboard!$C$9="Yes",AC1072=1),0,1) -> 1 | AF1072: 1
A1073: 1072 | B1073: 46262.731 | C1073: 46262 | D1073: Fri | E1073: 100071349 | F1073: 100071349 | G1073: Abdelrahman Eid | H1073: Mina Milad | I1073: Bishoy Mourad | J1073: Production | K1073: 60-120 | L1073: XM Lines | M1073: 1 | N1073: 0 | O1073: 1 | P1073: 0 | Q1073: 0 | R1073: 0 | S1073: 0 | T1073: 0 | U1073: No | V1073: E-sim | W1073: Yes | X1073: iPhone | Y1073: Free Line for 1 Year | Z1073: 8299400442263831 | AA1073: 3726490295525060604 | AB1073: 1 | AC1073: 0 | AD1073: 1 | AE1073: =IF(AND(Dashboard!$C$9="Yes",AC1073=1),0,1) -> 1 | AF1073: 1
A1074: 1073 | B1074: 46262.759 | C1074: 46262 | D1074: Fri | E1074: 100072749 | F1074: 100072749 | G1074: Ezz Eldin Ahmed Abdelghany El Kordy | H1074: Mohamed Ashour | I1074: Bishoy Mourad | J1074: Production | K1074: 60-120 | L1074: XM Lines | M1074: 1 | N1074: 0 | O1074: 1 | P1074: 0 | Q1074: 0 | R1074: 0 | S1074: 0 | T1074: 0 | U1074: No | V1074: E-sim | W1074: Yes | X1074: iPhone | Y1074: BYOD | Z1074: 8499100101393717 | AA1074: 111111 | AB1074: 1 | AC1074: 0 | AD1074: 1 | AE1074: =IF(AND(Dashboard!$C$9="Yes",AC1074=1),0,1) -> 1 | AF1074: 1
A1075: 1074 | B1075: 46262.812 | C1075: 46262 | D1075: Fri | E1075: 100071356 | F1075: 100071356 | G1075: Khaled Hassanen | H1075: Mina Milad | I1075: Bishoy Mourad | J1075: Production | K1075: 60-120 | L1075: GSRs | M1075: 0 | N1075: 1 | O1075: 1 | P1075: 1 | Q1075: 0 | R1075: 0 | S1075: 0 | T1075: 0 | Z1075: 8396120070126462 | AA1075: 1001314328142106 | AB1075: 1 | AC1075: 0 | AD1075: 1 | AE1075: =IF(AND(Dashboard!$C$9="Yes",AC1075=1),0,1) -> 1 | AF1075: 1
A1076: 1075 | B1076: 46262.842 | C1076: 46262 | D1076: Fri | E1076: 100071931 | F1076: 100071931 | G1076: Yousra Ali Elsayed Hussien | H1076: Shereen Kamal | I1076: Bishoy Mourad | J1076: Production | K1076: 60-120 | L1076: XM Lines | M1076: 1 | N1076: 0 | O1076: 1 | P1076: 0 | Q1076: 0 | R1076: 0 | S1076: 0 | T1076: 0 | U1076: No | V1076: E-sim | W1076: Yes | X1076: iPhone | Y1076: Free Line for 1 Year | Z1076: 8535100601427482 | AA1076: 3721629295534300268 | AB1076: 1 | AC1076: 0 | AD1076: 1 | AE1076: =IF(AND(Dashboard!$C$9="Yes",AC1076=1),0,1) -> 1 | AF1076: 1
A1077: 1076 | B1077: 46262.924 | C1077: 46262 | D1077: Fri | E1077: 100072748 | F1077: UNMAPPED:100072748 | G1077: Not in Roster | H1077: Not in Roster | I1077: Not in Roster | J1077: - | K1077: - | L1077: XM Lines | M1077: 1 | N1077: 0 | O1077: 1 | P1077: 0 | Q1077: 0 | R1077: 0 | S1077: 0 | T1077: 0 | U1077: Yes | V1077: E-sim | W1077: Yes | X1077: iPhone | Y1077: BYOD | Z1077: 8499100530995462 | AA1077: 3726422295530194800 | AB1077: 1 | AC1077: 0 | AD1077: 0 | AE1077: =IF(AND(Dashboard!$C$9="Yes",AC1077=1),0,1) -> 1 | AF1077: 1
A1078: 1077 | B1078: 46262.931 | C1078: 46262 | D1078: Fri | E1078: 100072748 | F1078: UNMAPPED:100072748 | G1078: Not in Roster | H1078: Not in Roster | I1078: Not in Roster | J1078: - | K1078: - | L1078: XM Lines | M1078: 1 | N1078: 0 | O1078: 1 | P1078: 0 | Q1078: 0 | R1078: 0 | S1078: 0 | T1078: 0 | U1078: No | V1078: E-sim | W1078: Yes | X1078: iPhone | Y1078: BYOD | Z1078: 8777701380556610 | AA1078: 8777701380556610 | AB1078: 1 | AC1078: 0 | AD1078: 0 | AE1078: =IF(AND(Dashboard!$C$9="Yes",AC1078=1),0,1) -> 1 | AF1078: 0
A1079: 1078 | B1079: 46262.935 | C1079: 46262 | D1079: Fri | E1079: 100072759 | F1079: 100072759 | G1079: Abdelrhman Yasser Kamel Nail | H1079: Mohamed Ashour | I1079: Bishoy Mourad | J1079: Production | K1079: 30-60 | L1079: GSRs | M1079: 0 | N1079: 1 | O1079: 1 | P1079: 0 | Q1079: 0 | R1079: 1 | S1079: 0 | T1079: 0 | Z1079: 8299310020254211 | AA1079: 1002147040632098 | AB1079: 1 | AC1079: 0 | AD1079: 1 | AE1079: =IF(AND(Dashboard!$C$9="Yes",AC1079=1),0,1) -> 1 | AF1079: 1
A1080: 1079 | B1080: 46262.95 | C1080: 46262 | D1080: Fri | E1080: 100071356 | F1080: 100071356 | G1080: Khaled Hassanen | H1080: Mina Milad | I1080: Bishoy Mourad | J1080: Production | K1080: 60-120 | L1080: GSRs | M1080: 0 | N1080: 1 | O1080: 1 | P1080: 0 | Q1080: 0 | R1080: 1 | S1080: 0 | T1080: 0 | Z1080: 8772105370745172 | AA1080: 1001438825752040 | AB1080: 1 | AC1080: 0 | AD1080: 1 | AE1080: =IF(AND(Dashboard!$C$9="Yes",AC1080=1),0,1) -> 1 | AF1080: 0
A1081: 1080 | B1081: 46262.955 | C1081: 46262 | D1081: Fri | E1081: 100072764 | F1081: 100072764 | G1081: Sameh Tawfeeq Abuelezz Tawfeeq | H1081: Mohamed Ashour | I1081: Bishoy Mourad | J1081: Production | K1081: 60-120 | L1081: GSRs | M1081: 0 | N1081: 1 | O1081: 1 | P1081: 0 | Q1081: 1 | R1081: 0 | S1081: 0 | T1081: 0 | Z1081: 8773100741409797 | AA1081: 1001964465532061 | AB1081: 1 | AC1081: 0 | AD1081: 1 | AE1081: =IF(AND(Dashboard!$C$9="Yes",AC1081=1),0,1) -> 1 | AF1081: 1
A1082: 1081 | B1082: 46262.963 | C1082: 46262 | D1082: Fri | E1082: 100071936 | F1082: 100071936 | G1082: Omar Sayed Mohammed Abdelhamid | H1082: Shereen Kamal | I1082: Bishoy Mourad | J1082: Production | K1082: 60-120 | L1082: XM Lines | M1082: 1 | N1082: 0 | O1082: 1 | P1082: 0 | Q1082: 0 | R1082: 0 | S1082: 0 | T1082: 0 | U1082: No | V1082: E-sim | W1082: Yes | X1082: iPhone | Y1082: Free Line for 1 Year | Z1082: 8535100740678417 | AA1082: 3726484295545146018 | AB1082: 1 | AC1082: 0 | AD1082: 1 | AE1082: =IF(AND(Dashboard!$C$9="Yes",AC1082=1),0,1) -> 1 | AF1082: 1
A1083: 1082 | B1083: 46262.965 | C1083: 46262 | D1083: Fri | E1083: 100071936 | F1083: 100071936 | G1083: Omar Sayed Mohammed Abdelhamid | H1083: Shereen Kamal | I1083: Bishoy Mourad | J1083: Production | K1083: 60-120 | L1083: XM Lines | M1083: 1 | N1083: 0 | O1083: 1 | P1083: 0 | Q1083: 0 | R1083: 0 | S1083: 0 | T1083: 0 | U1083: No | V1083: E-sim | W1083: Yes | X1083: iPhone | Y1083: Free Line for 1 Year | Z1083: 8535100740678417 | AA1083: 3726484295545146018 | AB1083: 1 | AC1083: 1 | AD1083: 1 | AE1083: =IF(AND(Dashboard!$C$9="Yes",AC1083=1),0,1) -> 0 | AF1083: 0
A1084: 1083 | B1084: 46262.988 | C1084: 46262 | D1084: Fri | E1084: 100071354 | F1084: 100071354 | G1084: Ehab Elsawah | H1084: Mina Milad | I1084: Bishoy Mourad | J1084: Production | K1084: 60-120 | L1084: XM Lines | M1084: 1 | N1084: 0 | O1084: 1 | P1084: 0 | Q1084: 0 | R1084: 0 | S1084: 0 | T1084: 0 | U1084: No | V1084: E-sim | W1084: Yes | X1084: Samsung | Y1084: Free Line for 1 Year | Z1084: 8771400010691949 | AA1084: 3726479295547784229 | AB1084: 1 | AC1084: 0 | AD1084: 1 | AE1084: =IF(AND(Dashboard!$C$9="Yes",AC1084=1),0,1) -> 1 | AF1084: 1
A1085: 1084 | B1085: 46263.018 | C1085: 46262 | D1085: Fri | E1085: 100071931 | F1085: 100071931 | G1085: Yousra Ali Elsayed Hussien | H1085: Shereen Kamal | I1085: Bishoy Mourad | J1085: Production | K1085: 60-120 | L1085: GSRs | M1085: 0 | N1085: 1 | O1085: 1 | P1085: 1 | Q1085: 0 | R1085: 0 | S1085: 0 | T1085: 0 | Z1085: 8396514070498154 | AA1085: 1001314376262103 | AB1085: 1 | AC1085: 0 | AD1085: 1 | AE1085: =IF(AND(Dashboard!$C$9="Yes",AC1085=1),0,1) -> 1 | AF1085: 0
A1086: 1085 | B1086: 46263.022 | C1086: 46262 | D1086: Fri | E1086: 100053635 | F1086: 100053635 | G1086: Hesham Mohamed Abdelaziz Mohamed | H1086: Mina Milad | I1086: Bishoy Mourad | J1086: Production | K1086: 120+ | L1086: XM Lines | M1086: 1 | N1086: 0 | O1086: 1 | P1086: 0 | Q1086: 0 | R1086: 0 | S1086: 0 | T1086: 0 | U1086: No | V1086: E-sim | W1086: Yes | X1086: BYOD | Y1086: Free Line for 1 Year | Z1086: 8299610140961870 | AA1086: 3726474295550494992 | AB1086: 1 | AC1086: 0 | AD1086: 1 | AE1086: =IF(AND(Dashboard!$C$9="Yes",AC1086=1),0,1) -> 1 | AF1086: 1
A1087: 1086 | B1087: 46263.034 | C1087: 46262 | D1087: Fri | E1087: 100062651 | F1087: 100062651 | G1087: Germen Shohdy | H1087: Rahma Samir | I1087: Bishoy Mourad | J1087: Production | K1087: 120+ | L1087: XM Lines | M1087: 1 | N1087: 0 | O1087: 1 | P1087: 0 | Q1087: 0 | R1087: 0 | S1087: 0 | T1087: 0 | U1087: No | V1087: E-sim | W1087: Yes | X1087: iPhone | Y1087: Free Line for 1 Year | Z1087: 8499050640029936 | AA1087: 3729650295548665766 | AB1087: 1 | AC1087: 0 | AD1087: 1 | AE1087: =IF(AND(Dashboard!$C$9="Yes",AC1087=1),0,1) -> 1 | AF1087: 1
A1088: 1087 | B1088: 46263.065 | C1088: 46262 | D1088: Fri | E1088: 100077675 | F1088: 100077675 | G1088: Mina Ehab Nassif Kamel | H1088: Rahma Samir | I1088: Bishoy Mourad | J1088: Production | K1088: 60-120 | L1088: XM Lines | M1088: 1 | N1088: 0 | O1088: 1 | P1088: 0 | Q1088: 0 | R1088: 0 | S1088: 0 | T1088: 0 | U1088: No | V1088: E-sim | W1088: Yes | X1088: BYOD | Y1088: BYOD | Z1088: 8495744030560104 | AA1088: 3729608295553908321 | AB1088: 1 | AC1088: 0 | AD1088: 1 | AE1088: =IF(AND(Dashboard!$C$9="Yes",AC1088=1),0,1) -> 1 | AF1088: 1
A1089: 1088 | B1089: 46263.085 | C1089: 46262 | D1089: Fri | E1089: 100077675 | F1089: 100077675 | G1089: Mina Ehab Nassif Kamel | H1089: Rahma Samir | I1089: Bishoy Mourad | J1089: Production | K1089: 60-120 | L1089: GSRs | M1089: 0 | N1089: 1 | O1089: 1 | P1089: 1 | Q1089: 0 | R1089: 0 | S1089: 0 | T1089: 0 | Z1089: 8777701842530039 | AA1089: 1001881610922015 | AB1089: 1 | AC1089: 0 | AD1089: 1 | AE1089: =IF(AND(Dashboard!$C$9="Yes",AC1089=1),0,1) -> 1 | AF1089: 0
A1090: 1089 | B1090: 46263.108 | C1090: 46262 | D1090: Fri | E1090: 100075057 | F1090: 100075057 | G1090: Mahmoud Mohamed | H1090: Anas Sami | I1090: Bishoy Mourad | J1090: Production | K1090: 30-60 | L1090: XM Lines | M1090: 1 | N1090: 0 | O1090: 1 | P1090: 0 | Q1090: 0 | R1090: 0 | S1090: 0 | T1090: 0 | U1090: No | V1090: E-sim | W1090: Yes | X1090: iPhone | Y1090: Free Line for 1 Year | Z1090: 8220220901374935 | AA1090: 3721609295556452887 | AB1090: 1 | AC1090: 0 | AD1090: 1 | AE1090: =IF(AND(Dashboard!$C$9="Yes",AC1090=1),0,1) -> 1 | AF1090: 1
A1091: 1090 | B1091: 46263.144 | C1091: 46262 | D1091: Fri | E1091: 100075057 | F1091: 100075057 | G1091: Mahmoud Mohamed | H1091: Anas Sami | I1091: Bishoy Mourad | J1091: Production | K1091: 30-60 | L1091: XM Lines | M1091: 1 | N1091: 0 | O1091: 1 | P1091: 0 | Q1091: 0 | R1091: 0 | S1091: 0 | T1091: 0 | U1091: No | V1091: E-sim | W1091: Yes | X1091: iPhone | Y1091: Free Line for 1 Year | Z1091: 8771300213918919 | AA1091: 7130021391891 | AB1091: 1 | AC1091: 0 | AD1091: 1 | AE1091: =IF(AND(Dashboard!$C$9="Yes",AC1091=1),0,1) -> 1 | AF1091: 0
A1092: 1091 | B1092: 46263.148 | C1092: 46262 | D1092: Fri | E1092: 100075071 | F1092: 100075071 | G1092: Omar Mahmoud | H1092: Anas Sami | I1092: Bishoy Mourad | J1092: Production | K1092: 30-60 | L1092: XM Lines | M1092: 2 | N1092: 0 | O1092: 2 | P1092: 0 | Q1092: 0 | R1092: 0 | S1092: 0 | T1092: 0 | U1092: No | V1092: E-sim | W1092: Yes | X1092: iPhone | Y1092: Free Line for 1 Year | Z1092: 8299610060407128 | AA1092: 2 | AB1092: 0 | AC1092: 0 | AD1092: 1 | AE1092: =IF(AND(Dashboard!$C$9="Yes",AC1092=1),0,1) -> 1 | AF1092: 1
A1093: 1092 | B1093: 46263.162 | C1093: 46262 | D1093: Fri | E1093: 100053635 | F1093: 100053635 | G1093: Hesham Mohamed Abdelaziz Mohamed | H1093: Mina Milad | I1093: Bishoy Mourad | J1093: Production | K1093: 120+ | L1093: XM Lines | M1093: 1 | N1093: 0 | O1093: 1 | P1093: 0 | Q1093: 0 | R1093: 0 | S1093: 0 | T1093: 0 | U1093: No | V1093: E-sim | W1093: Yes | X1093: BYOD | Y1093: Free Line for 1 Year | Z1093: 8499051530240237 | AA1093: 3721639295562332600 | AB1093: 1 | AC1093: 0 | AD1093: 1 | AE1093: =IF(AND(Dashboard!$C$9="Yes",AC1093=1),0,1) -> 1 | AF1093: 0
A1094: 1093 | B1094: 46263.174 | C1094: 46262 | D1094: Fri | E1094: 100049532 | F1094: 100049532 | G1094: Faris Hamada Reda Mohamed | H1094: Mohamed Ashour | I1094: Bishoy Mourad | J1094: Production | K1094: 60-120 | L1094: XM Lines | M1094: 1 | N1094: 0 | O1094: 1 | P1094: 0 | Q1094: 0 | R1094: 0 | S1094: 0 | T1094: 0 | U1094: No | V1094: E-sim | W1094: Yes | X1094: iPhone | Y1094: Free Line for 1 Year | Z1094: 8299600143680742 | AA1094: 3726461295557507123 | AB1094: 1 | AC1094: 0 | AD1094: 1 | AE1094: =IF(AND(Dashboard!$C$9="Yes",AC1094=1),0,1) -> 1 | AF1094: 1
A1095: 1094 | B1095: 46263.295 | C1095: 46262 | D1095: Fri | E1095: 100071921 | F1095: UNMAPPED:100071921 | G1095: Not in Roster | H1095: Not in Roster | I1095: Not in Roster | J1095: - | K1095: - | L1095: GSRs | M1095: 0 | N1095: 1 | O1095: 1 | P1095: 1 | Q1095: 0 | R1095: 0 | S1095: 0 | T1095: 0 | Z1095: aladdin mohamed | AA1095: 1002514934162039 | AB1095: 1 | AC1095: 0 | AD1095: 0 | AE1095: =IF(AND(Dashboard!$C$9="Yes",AC1095=1),0,1) -> 1 | AF1095: 1
A1096: 1095 | B1096: 46263.677 | C1096: 46263 | D1096: Sat | E1096: 100046118 | F1096: 100046118 | G1096: Assem Morsy | H1096: Shereen Kamal | I1096: Bishoy Mourad | J1096: Production | K1096: 30-60 | L1096: GSRs | M1096: 0 | N1096: 1 | O1096: 1 | P1096: 1 | Q1096: 0 | R1096: 0 | S1096: 0 | T1096: 0 | Z1096: 8396200120655908 | AA1096: 1001314487192108 | AB1096: 1 | AC1096: 0 | AD1096: 1 | AE1096: =IF(AND(Dashboard!$C$9="Yes",AC1096=1),0,1) -> 1 | AF1096: 1
A1097: 1096 | B1097: 46263.68 | C1097: 46263 | D1097: Sat | E1097: 100072748 | F1097: UNMAPPED:100072748 | G1097: Not in Roster | H1097: Not in Roster | I1097: Not in Roster | J1097: - | K1097: - | L1097: GSRs | M1097: 0 | N1097: 2 | O1097: 2 | P1097: 0 | Q1097: 0 | R1097: 2 | S1097: 0 | T1097: 0 | Z1097: 8155200260170180 | AA1097: 8155200260170180 | AB1097: 1 | AC1097: 0 | AD1097: 0 | AE1097: =IF(AND(Dashboard!$C$9="Yes",AC1097=1),0,1) -> 1 | AF1097: 1
A1098: 1097 | B1098: 46263.715 | C1098: 46263 | D1098: Sat | E1098: 100073752 | F1098: 100073752 | G1098: Moutasem Ahmed Mohamed Saied | H1098: Mohamed Ashour | I1098: Bishoy Mourad | J1098: Production | K1098: 30-60 | L1098: XM Lines | M1098: 1 | N1098: 0 | O1098: 1 | P1098: 0 | Q1098: 0 | R1098: 0 | S1098: 0 | T1098: 0 | U1098: No | V1098: E-sim | W1098: Yes | X1098: Samsung | Y1098: Free Line for 1 Year | Z1098: 8771400330566854 | AA1098: 3729602295609194779 | AB1098: 1 | AC1098: 0 | AD1098: 1 | AE1098: =IF(AND(Dashboard!$C$9="Yes",AC1098=1),0,1) -> 1 | AF1098: 1
A1099: 1098 | B1099: 46263.727 | C1099: 46263 | D1099: Sat | E1099: 100071354 | F1099: 100071354 | G1099: Ehab Elsawah | H1099: Mina Milad | I1099: Bishoy Mourad | J1099: Production | K1099: 60-120 | L1099: GSRs | M1099: 0 | N1099: 1 | O1099: 1 | P1099: 1 | Q1099: 0 | R1099: 0 | S1099: 0 | T1099: 0 | Z1099: 8299400434273822 | AA1099: 1002147357342091 | AB1099: 1 | AC1099: 0 | AD1099: 1 | AE1099: =IF(AND(Dashboard!$C$9="Yes",AC1099=1),0,1) -> 1 | AF1099: 1
A1100: 1099 | B1100: 46263.751 | C1100: 46263 | D1100: Sat | E1100: 100070308 | F1100: 100070308 | G1100: Samir Abdelaziz Farid Ali Salem | H1100: Rahma Samir | I1100: Bishoy Mourad | J1100: Production | K1100: 120+ | L1100: GSRs | M1100: 0 | N1100: 1 | O1100: 1 | P1100: 1 | Q1100: 0 | R1100: 0 | S1100: 0 | T1100: 0 | Z1100: 8777703330048060 | AA1100: 1001881748552015 | AB1100: 1 | AC1100: 0 | AD1100: 1 | AE1100: =IF(AND(Dashboard!$C$9="Yes",AC1100=1),0,1) -> 1 | AF1100: 1
A1101: 1100 | B1101: 46263.788 | C1101: 46263 | D1101: Sat | E1101: 100070308 | F1101: 100070308 | G1101: Samir Abdelaziz Farid Ali Salem | H1101: Rahma Samir | I1101: Bishoy Mourad | J1101: Production | K1101: 120+ | L1101: XM Lines | M1101: 1 | N1101: 0 | O1101: 1 | P1101: 0 | Q1101: 0 | R1101: 0 | S1101: 0 | T1101: 0 | U1101: No | V1101: E-sim | W1101: No | X1101: Apple Watch | Y1101: Smart Watch Discount | Z1101: 8777703330048060 | AA1101: 3729682295617085959 | AB1101: 1 | AC1101: 0 | AD1101: 1 | AE1101: =IF(AND(Dashboard!$C$9="Yes",AC1101=1),0,1) -> 1 | AF1101: 0
A1102: 1101 | B1102: 46263.804 | C1102: 46263 | D1102: Sat | E1102: 100074089 | F1102: 100074089 | G1102: Yassin Mohamed Fawzy Mostafa | H1102: Rahma Samir | I1102: Bishoy Mourad | J1102: Production | K1102: 30-60 | L1102: GSRs | M1102: 0 | N1102: 1 | O1102: 1 | P1102: 0 | Q1102: 1 | R1102: 0 | S1102: 0 | T1102: 0 | Z1102: 8498350175976670 | AA1102: 1001079868442089 | AB1102: 1 | AC1102: 0 | AD1102: 1 | AE1102: =IF(AND(Dashboard!$C$9="Yes",AC1102=1),0,1) -> 1 | AF1102: 1
A1103: 1102 | B1103: 46263.834 | C1103: 46263 | D1103: Sat | E1103: 100075068 | F1103: 100075068 | G1103: Seif Abdellah | H1103: Anas Sami | I1103: Bishoy Mourad | J1103: Production | K1103: 30-60 | L1103: GSRs | M1103: 0 | N1103: 4 | O1103: 4 | P1103: 0 | Q1103: 0 | R1103: 0 | S1103: 1 | T1103: 1 | Z1103: 8396300180590423 | AA1103: 1 | AB1103: 0 | AC1103: 0 | AD1103: 1 | AE1103: =IF(AND(Dashboard!$C$9="Yes",AC1103=1),0,1) -> 1 | AF1103: 1
A1104: 1103 | B1104: 46263.84 | C1104: 46263 | D1104: Sat | E1104: 100066502 | F1104: 100066502 | G1104: Ahmad Abdelftah Hanafy Etman | H1104: Salma Ahmed | I1104: Ramadan Gamal | J1104: Production | K1104: 120+ | L1104: XM Lines | M1104: 1 | N1104: 0 | O1104: 1 | P1104: 0 | Q1104: 0 | R1104: 0 | S1104: 0 | T1104: 0 | U1104: No | V1104: E-sim | W1104: Yes | X1104: iPhone | Y1104: Free Line for 1 Year | Z1104: 8497101863317615 | AA1104: 3729659295621145348 | AB1104: 1 | AC1104: 0 | AD1104: 1 | AE1104: =IF(AND(Dashboard!$C$9="Yes",AC1104=1),0,1) -> 1 | AF1104: 1
A1105: 1104 | B1105: 46263.842 | C1105: 46263 | D1105: Sat | E1105: 100064781 | F1105: UNMAPPED:100064781 | G1105: Not in Roster | H1105: Not in Roster | I1105: Not in Roster | J1105: - | K1105: - | L1105: GSRs | M1105: 0 | N1105: 1 | O1105: 1 | P1105: 0 | Q1105: 1 | R1105: 0 | S1105: 0 | T1105: 0 | Z1105: 8773403810355333 | AA1105: 1001964743122065 | AB1105: 1 | AC1105: 0 | AD1105: 0 | AE1105: =IF(AND(Dashboard!$C$9="Yes",AC1105=1),0,1) -> 1 | AF1105: 1
A1106: 1105 | B1106: 46263.862 | C1106: 46263 | D1106: Sat | E1106: 100071364 | F1106: 100071364 | G1106: Omar Elmeniawy | H1106: Mina Milad | I1106: Bishoy Mourad | J1106: Production | K1106: 60-120 | L1106: GSRs | M1106: 0 | N1106: 1 | O1106: 1 | P1106: 0 | Q1106: 1 | R1106: 0 | S1106: 0 | T1106: 0 | Z1106: 8993208780004454 | AA1106: 1001881730802014 | AB1106: 1 | AC1106: 0 | AD1106: 1 | AE1106: =IF(AND(Dashboard!$C$9="Yes",AC1106=1),0,1) -> 1 | AF1106: 1
A1107: 1106 | B1107: 46263.863 | C1107: 46263 | D1107: Sat | E1107: 100071364 | F1107: 100071364 | G1107: Omar Elmeniawy | H1107: Mina Milad | I1107: Bishoy Mourad | J1107: Production | K1107: 60-120 | L1107: GSRs | M1107: 0 | N1107: 1 | O1107: 1 | P1107: 1 | Q1107: 0 | R1107: 0 | S1107: 0 | T1107: 0 | Z1107: 8299600143651537 | AA1107: 1002147413972097 | AB1107: 1 | AC1107: 0 | AD1107: 1 | AE1107: =IF(AND(Dashboard!$C$9="Yes",AC1107=1),0,1) -> 1 | AF1107: 0
A1108: 1107 | B1108: 46263.875 | C1108: 46263 | D1108: Sat | E1108: 100070304 | F1108: 100070304 | G1108: Ahmed Abdelrahman Salem Mohamed Sakr | H1108: Rahma Samir | I1108: Bishoy Mourad | J1108: Production | K1108: 60-120 | L1108: GSRs | M1108: 0 | N1108: 1 | O1108: 1 | P1108: 1 | Q1108: 0 | R1108: 0 | S1108: 0 | T1108: 0 | Z1108: 8777701300362065 | AA1108: 1001881785142019 | AB1108: 1 | AC1108: 0 | AD1108: 1 | AE1108: =IF(AND(Dashboard!$C$9="Yes",AC1108=1),0,1) -> 1 | AF1108: 1
A1109: 1108 | B1109: 46263.881 | C1109: 46263 | D1109: Sat | E1109: 100074089 | F1109: 100074089 | G1109: Yassin Mohamed Fawzy Mostafa | H1109: Rahma Samir | I1109: Bishoy Mourad | J1109: Production | K1109: 30-60 | L1109: XM Lines | M1109: 5 | N1109: 0 | O1109: 5 | P1109: 0 | Q1109: 0 | R1109: 0 | S1109: 0 | T1109: 0 | U1109: Yes | V1109: E-sim | W1109: Yes | X1109: No Device | Y1109: Port In | Z1109: 8498350175976670 | AA1109: 37296022956238960251 | AB1109: 1 | AC1109: 0 | AD1109: 1 | AE1109: =IF(AND(Dashboard!$C$9="Yes",AC1109=1),0,1) -> 1 | AF1109: 0
A1110: 1109 | B1110: 46263.888 | C1110: 46263 | D1110: Sat | E1110: 100074619 | F1110: 100074619 | G1110: Abdallah Mohamed Abdallah Mahmoud Hammam | H1110: Shereen Kamal | I1110: Bishoy Mourad | J1110: Production | K1110: 30-60 | L1110: GSRs | M1110: 0 | N1110: 1 | O1110: 1 | P1110: 1 | Q1110: 0 | R1110: 0 | S1110: 0 | T1110: 0 | Z1110: 8772105400150708 | AA1110: 1001438931352040 | AB1110: 1 | AC1110: 0 | AD1110: 1 | AE1110: =IF(AND(Dashboard!$C$9="Yes",AC1110=1),0,1) -> 1 | AF1110: 1
A1111: 1110 | B1111: 46263.889 | C1111: 46263 | D1111: Sat | E1111: 100075057 | F1111: 100075057 | G1111: Mahmoud Mohamed | H1111: Anas Sami | I1111: Bishoy Mourad | J1111: Production | K1111: 30-60 | L1111: XM Lines | M1111: 1 | N1111: 0 | O1111: 1 | P1111: 0 | Q1111: 0 | R1111: 0 | S1111: 0 | T1111: 0 | U1111: No | V1111: E-sim | W1111: Yes | X1111: iPhone | Y1111: Free Line for 1 Year | Z1111: 8499053270752801 | AA1111: 3729699295624840872 | AB1111: 1 | AC1111: 0 | AD1111: 1 | AE1111: =IF(AND(Dashboard!$C$9="Yes",AC1111=1),0,1) -> 1 | AF1111: 1
A1112: 1111 | B1112: 46263.889 | C1112: 46263 | D1112: Sat | E1112: 100070933 | F1112: UNMAPPED:100070933 | G1112: Not in Roster | H1112: Not in Roster | I1112: Not in Roster | J1112: - | K1112: - | L1112: XM Lines | M1112: 1 | N1112: 0 | O1112: 1 | P1112: 0 | Q1112: 0 | R1112: 0 | S1112: 0 | T1112: 0 | U1112: No | V1112: E-sim | W1112: Yes | X1112: No Device | Y1112: Free Line for 1 Year | Z1112: 8535100300068249 | AA1112: 3726489295625361515 | AB1112: 1 | AC1112: 0 | AD1112: 0 | AE1112: =IF(AND(Dashboard!$C$9="Yes",AC1112=1),0,1) -> 1 | AF1112: 1
A1113: 1112 | B1113: 46263.889 | C1113: 46263 | D1113: Sat | E1113: 100074089 | F1113: 100074089 | G1113: Yassin Mohamed Fawzy Mostafa | H1113: Rahma Samir | I1113: Bishoy Mourad | J1113: Production | K1113: 30-60 | L1113: XM Lines | M1113: 3 | N1113: 0 | O1113: 3 | P1113: 0 | Q1113: 0 | R1113: 0 | S1113: 0 | T1113: 0 | U1113: Yes | V1113: E-sim | W1113: Yes | X1113: No Device | Y1113: Port In | Z1113: 8498350175976670 | AA1113: 37296082956255563601 | AB1113: 1 | AC1113: 0 | AD1113: 1 | AE1113: =IF(AND(Dashboard!$C$9="Yes",AC1113=1),0,1) -> 1 | AF1113: 0
A1114: 1113 | B1114: 46263.896 | C1114: 46263 | D1114: Sat | E1114: 100071936 | F1114: 100071936 | G1114: Omar Sayed Mohammed Abdelhamid | H1114: Shereen Kamal | I1114: Bishoy Mourad | J1114: Production | K1114: 60-120 | L1114: GSRs | M1114: 0 | N1114: 2 | O1114: 2 | P1114: 1 | Q1114: 1 | R1114: 0 | S1114: 0 | T1114: 0 | Z1114: 8155600510844064 | AA1114: GETTING STARTED KIT 1002161549042022 ORDERED Created: August | AB1114: 0 | AC1114: 0 | AD1114: 1 | AE1114: =IF(AND(Dashboard!$C$9="Yes",AC1114=1),0,1) -> 1 | AF1114: 1
A1115: 1114 | B1115: 46263.897 | C1115: 46263 | D1115: Sat | E1115: 100071936 | F1115: 100071936 | G1115: Omar Sayed Mohammed Abdelhamid | H1115: Shereen Kamal | I1115: Bishoy Mourad | J1115: Production | K1115: 60-120 | L1115: GSRs | M1115: 0 | N1115: 2 | O1115: 2 | P1115: 1 | Q1115: 1 | R1115: 0 | S1115: 0 | T1115: 0 | Z1115: 8155600510844064 | AA1115: GETTING STARTED KIT 1002161549042022 ORDERED Created: August | AB1115: 0 | AC1115: 0 | AD1115: 1 | AE1115: =IF(AND(Dashboard!$C$9="Yes",AC1115=1),0,1) -> 1 | AF1115: 0
A1116: 1115 | B1116: 46263.897 | C1116: 46263 | D1116: Sat | E1116: 100071936 | F1116: 100071936 | G1116: Omar Sayed Mohammed Abdelhamid | H1116: Shereen Kamal | I1116: Bishoy Mourad | J1116: Production | K1116: 60-120 | L1116: GSRs | M1116: 0 | N1116: 1 | O1116: 1 | P1116: 0 | Q1116: 1 | R1116: 0 | S1116: 0 | T1116: 0 | Z1116: 8155600510844064 | AA1116: GETTING STARTED KIT 1002161549042022 ORDERED Created: August | AB1116: 0 | AC1116: 0 | AD1116: 1 | AE1116: =IF(AND(Dashboard!$C$9="Yes",AC1116=1),0,1) -> 1 | AF1116: 0
A1117: 1116 | B1117: 46263.897 | C1117: 46263 | D1117: Sat | E1117: 100071936 | F1117: 100071936 | G1117: Omar Sayed Mohammed Abdelhamid | H1117: Shereen Kamal | I1117: Bishoy Mourad | J1117: Production | K1117: 60-120 | L1117: GSRs | M1117: 0 | N1117: 1 | O1117: 1 | P1117: 0 | Q1117: 1 | R1117: 0 | S1117: 0 | T1117: 0 | Z1117: 8155600510844064 | AA1117: GETTING STARTED KIT 1002161549042022 ORDERED Created: August | AB1117: 0 | AC1117: 0 | AD1117: 1 | AE1117: =IF(AND(Dashboard!$C$9="Yes",AC1117=1),0,1) -> 1 | AF1117: 0
A1118: 1117 | B1118: 46263.904 | C1118: 46263 | D1118: Sat | E1118: 100074076 | F1118: 100074076 | G1118: Gasser Osama Esmail Youssef | H1118: Shereen Kamal | I1118: Bishoy Mourad | J1118: Production | K1118: 30-60 | L1118: GSRs | M1118: 0 | N1118: 1 | O1118: 1 | P1118: 0 | Q1118: 1 | R1118: 0 | S1118: 0 | T1118: 0 | Z1118: 8498340340886110 | AA1118: 1001079880562088 | AB1118: 1 | AC1118: 0 | AD1118: 1 | AE1118: =IF(AND(Dashboard!$C$9="Yes",AC1118=1),0,1) -> 1 | AF1118: 1
A1119: 1118 | B1119: 46263.916 | C1119: 46263 | D1119: Sat | E1119: 100071936 | F1119: 100071936 | G1119: Omar Sayed Mohammed Abdelhamid | H1119: Shereen Kamal | I1119: Bishoy Mourad | J1119: Production | K1119: 60-120 | L1119: XM Lines | M1119: 1 | N1119: 0 | O1119: 1 | P1119: 0 | Q1119: 0 | R1119: 0 | S1119: 0 | T1119: 0 | U1119: No | V1119: E-sim | W1119: Yes | X1119: iPhone | Y1119: Free Line for 1 Year | Z1119: 8772105530087341 | AA1119: 3726465295627799206 | AB1119: 1 | AC1119: 0 | AD1119: 1 | AE1119: =IF(AND(Dashboard!$C$9="Yes",AC1119=1),0,1) -> 1 | AF1119: 0
A1120: 1119 | B1120: 46263.916 | C1120: 46263 | D1120: Sat | E1120: 100071936 | F1120: 100071936 | G1120: Omar Sayed Mohammed Abdelhamid | H1120: Shereen Kamal | I1120: Bishoy Mourad | J1120: Production | K1120: 60-120 | L1120: XM Lines | M1120: 1 | N1120: 0 | O1120: 1 | P1120: 0 | Q1120: 0 | R1120: 0 | S1120: 0 | T1120: 0 | U1120: No | V1120: E-sim | W1120: Yes | X1120: iPhone | Y1120: Free Line for 1 Year | Z1120: 8772105530087341 | AA1120: 3726465295627799206 | AB1120: 1 | AC1120: 1 | AD1120: 1 | AE1120: =IF(AND(Dashboard!$C$9="Yes",AC1120=1),0,1) -> 0 | AF1120: 0
A1121: 1120 | B1121: 46263.934 | C1121: 46263 | D1121: Sat | E1121: 100074615 | F1121: 100074615 | G1121: Hussien Ahmed Ahmed Eladawy | H1121: Shereen Kamal | I1121: Bishoy Mourad | J1121: Production | K1121: 30-60 | L1121: GSRs | M1121: 0 | N1121: 2 | O1121: 2 | P1121: 1 | Q1121: 1 | R1121: 0 | S1121: 0 | T1121: 0 | Z1121: 8771300513306963 | AA1121: 1002305523052057 | AB1121: 1 | AC1121: 0 | AD1121: 1 | AE1121: =IF(AND(Dashboard!$C$9="Yes",AC1121=1),0,1) -> 1 | AF1121: 1
A1122: 1121 | B1122: 46263.941 | C1122: 46263 | D1122: Sat | E1122: 100072748 | F1122: UNMAPPED:100072748 | G1122: Not in Roster | H1122: Not in Roster | I1122: Not in Roster | J1122: - | K1122: - | L1122: GSRs | M1122: 0 | N1122: 1 | O1122: 1 | P1122: 0 | Q1122: 0 | R1122: 1 | S1122: 0 | T1122: 0 | Z1122: 8155600450450666 | AA1122: 8155600450450666 | AB1122: 1 | AC1122: 0 | AD1122: 0 | AE1122: =IF(AND(Dashboard!$C$9="Yes",AC1122=1),0,1) -> 1 | AF1122: 0
A1123: 1122 | B1123: 46263.948 | C1123: 46263 | D1123: Sat | E1123: 100070317 | F1123: 100070317 | G1123: Abdullah Ehab Ahmed Abdelsalam Elkady | H1123: Rahma Samir | I1123: Bishoy Mourad | J1123: Production | K1123: 60-120 | L1123: XM Lines | M1123: 1 | N1123: 0 | O1123: 1 | P1123: 0 | Q1123: 0 | R1123: 0 | S1123: 0 | T1123: 0 | U1123: No | V1123: E-sim | W1123: Yes | X1123: iPhone | Y1123: Free Line for 1 Year | Z1123: 8495753802551548 | AA1123: 3721612295630691265 | AB1123: 1 | AC1123: 0 | AD1123: 1 | AE1123: =IF(AND(Dashboard!$C$9="Yes",AC1123=1),0,1) -> 1 | AF1123: 1
A1124: 1123 | B1124: 46263.953 | C1124: 46263 | D1124: Sat | E1124: 100053635 | F1124: 100053635 | G1124: Hesham Mohamed Abdelaziz Mohamed | H1124: Mina Milad | I1124: Bishoy Mourad | J1124: Production | K1124: 120+ | L1124: XM Lines | M1124: 1 | N1124: 0 | O1124: 1 | P1124: 0 | Q1124: 0 | R1124: 0 | S1124: 0 | T1124: 0 | U1124: Yes | V1124: E-sim | W1124: Yes | X1124: BYOD | Y1124: New Line with no promotions | Z1124: 8499053270771736 | AA1124: 3721666295629169362 | AB1124: 1 | AC1124: 0 | AD1124: 1 | AE1124: =IF(AND(Dashboard!$C$9="Yes",AC1124=1),0,1) -> 1 | AF1124: 1
A1125: 1124 | B1125: 46263.963 | C1125: 46263 | D1125: Sat | E1125: 100066502 | F1125: 100066502 | G1125: Ahmad Abdelftah Hanafy Etman | H1125: Salma Ahmed | I1125: Ramadan Gamal | J1125: Production | K1125: 120+ | L1125: XM Lines | M1125: 1 | N1125: 0 | O1125: 1 | P1125: 0 | Q1125: 0 | R1125: 0 | S1125: 0 | T1125: 0 | U1125: No | V1125: E-sim | W1125: Yes | X1125: iPhone | Y1125: Free Line for 1 Year | Z1125: 8499100081780891 | AA1125: 3729674295631866900 | AB1125: 1 | AC1125: 0 | AD1125: 1 | AE1125: =IF(AND(Dashboard!$C$9="Yes",AC1125=1),0,1) -> 1 | AF1125: 0
A1126: 1125 | B1126: 46263.964 | C1126: 46263 | D1126: Sat | E1126: 100073753 | F1126: 100073753 | G1126: Abdelrahman Araby Farag Abdelwahed | H1126: Mohamed Ashour | I1126: Bishoy Mourad | J1126: Production | K1126: 60-120 | L1126: XM Lines | M1126: 1 | N1126: 0 | O1126: 1 | P1126: 0 | Q1126: 0 | R1126: 0 | S1126: 0 | T1126: 0 | U1126: Yes | V1126: E-sim | W1126: No | X1126: iPhone | Y1126: New Line with no promotions | Z1126: 8993114570332404 | AA1126: 3729640295629394087 | AB1126: 1 | AC1126: 0 | AD1126: 1 | AE1126: =IF(AND(Dashboard!$C$9="Yes",AC1126=1),0,1) -> 1 | AF1126: 1
...

Sheet Roster
A1: HRID | B1: Agent Name | C1: Agent Label | D1: Team Leader | E1: Ops Manager | F1: Phase | G1: Wave | H1: Tenure Bucket | I1: LOB Start Date | J1: Tenure Days | K1: Team Key
A2: 100077989 | B2: Abdelrhman Mohammed Hassanien Mohammed | C2: Abdelrhman Mohammed Hassanien Mohammed (100077989) | D2: Ahmed Aboelgoud | E2: Ramadan Gamal | F2: Production | G2: Wave 32 | H2: 60-120 | I2: 46240 | J2: 62 | K2: =D2&"|"&COUNTIF($D$2:D2,D2) -> Ahmed Aboelgoud|1
A3: 100077990 | B3: Ahmed Abdallah Bedir Ibrahim | C3: Ahmed Abdallah Bedir Ibrahim (100077990) | D3: Ahmed Aboelgoud | E3: Mohamed Radwan | F3: Training | G3: Wave 32 | H3: 120+ | I3: - | J3: - | K3: =D3&"|"&COUNTIF($D$2:D3,D3) -> Ahmed Aboelgoud|2
A4: 100050827 | B4: Ahmed Ahmed Amed Abdelazim | C4: Ahmed Ahmed Amed Abdelazim (100050827) | D4: Ahmed Aboelgoud | E4: Mohamed Radwan | F4: Training | G4: Wave 32 | H4: 120+ | I4: - | J4: - | K4: =D4&"|"&COUNTIF($D$2:D4,D4) -> Ahmed Aboelgoud|3
A5: 100077976 | B5: Ahmed Alaaeldin Mohamed Mohamed | C5: Ahmed Alaaeldin Mohamed Mohamed (100077976) | D5: Ahmed Aboelgoud | E5: Ramadan Gamal | F5: Production | G5: Wave 32 | H5: 60-120 | I5: 46240 | J5: 62 | K5: =D5&"|"&COUNTIF($D$2:D5,D5) -> Ahmed Aboelgoud|4
A6: 100077977 | B6: Ahmed Gamal Naguib Abdelazim | C6: Ahmed Gamal Naguib Abdelazim (100077977) | D6: Ahmed Aboelgoud | E6: Mohamed Radwan | F6: Training | G6: Wave 32 | H6: 120+ | I6: - | J6: - | K6: =D6&"|"&COUNTIF($D$2:D6,D6) -> Ahmed Aboelgoud|5
A7: 100077979 | B7: Ahmed Mohamed Esmael Ezzeldin Zein Eldin | C7: Ahmed Mohamed Esmael Ezzeldin Zein Eldin (100077979) | D7: Ahmed Aboelgoud | E7: Ramadan Gamal | F7: Production | G7: Wave 32 | H7: 60-120 | I7: 46240 | J7: 62 | K7: =D7&"|"&COUNTIF($D$2:D7,D7) -> Ahmed Aboelgoud|6
A8: 100077981 | B8: Amgad Mahmoud Taha Nasr | C8: Amgad Mahmoud Taha Nasr (100077981) | D8: Ahmed Aboelgoud | E8: Ramadan Gamal | F8: Production | G8: Wave 32 | H8: 60-120 | I8: 46240 | J8: 62 | K8: =D8&"|"&COUNTIF($D$2:D8,D8) -> Ahmed Aboelgoud|7
A9: 100065384 | B9: Ammar Yasser Ibrahim Elsayed Ibrhahim (Rehire) | C9: Ammar Yasser Ibrahim Elsayed Ibrhahim (Rehire) (100065384) | D9: Ahmed Aboelgoud | E9: Ramadan Gamal | F9: Production | G9: Wave 32 | H9: 60-120 | I9: 46240 | J9: 62 | K9: =D9&"|"&COUNTIF($D$2:D9,D9) -> Ahmed Aboelgoud|8
A10: 100077974 | B10: Ashraf Maysara Youssef Mohamed | C10: Ashraf Maysara Youssef Mohamed (100077974) | D10: Ahmed Aboelgoud | E10: Mohamed Radwan | F10: Training | G10: Wave 32 | H10: 120+ | I10: - | J10: - | K10: =D10&"|"&COUNTIF($D$2:D10,D10) -> Ahmed Aboelgoud|9
A11: 100067073 | B11: Ayman Saad Abdelkhalek Gabry | C11: Ayman Saad Abdelkhalek Gabry (100067073) | D11: Ahmed Aboelgoud | E11: Mohamed Radwan | F11: Training | G11: Wave 32 | H11: 120+ | I11: - | J11: - | K11: =D11&"|"&COUNTIF($D$2:D11,D11) -> Ahmed Aboelgoud|10
A12: 100078062 | B12: Bassel Ashraf Omar Ragheb Metwaly | C12: Bassel Ashraf Omar Ragheb Metwaly (100078062) | D12: Ahmed Aboelgoud | E12: Mohamed Radwan | F12: Training | G12: Wave 32 | H12: 120+ | I12: - | J12: - | K12: =D12&"|"&COUNTIF($D$2:D12,D12) -> Ahmed Aboelgoud|11
A13: 100077986 | B13: Esraa Ahmed Metwally Hanafey Aboied | C13: Esraa Ahmed Metwally Hanafey Aboied (100077986) | D13: Ahmed Aboelgoud | E13: Ramadan Gamal | F13: Production | G13: Wave 32 | H13: 60-120 | I13: 46240 | J13: 62 | K13: =D13&"|"&COUNTIF($D$2:D13,D13) -> Ahmed Aboelgoud|12
A14: 100077980 | B14: Jana Mohamed Wadea Abdoh Elalawi | C14: Jana Mohamed Wadea Abdoh Elalawi (100077980) | D14: Ahmed Aboelgoud | E14: Ramadan Gamal | F14: Production | G14: Wave 32 | H14: 60-120 | I14: 46240 | J14: 62 | K14: =D14&"|"&COUNTIF($D$2:D14,D14) -> Ahmed Aboelgoud|13
A15: 100077985 | B15: Joudan Hazem Mahmoud Ibrahim Hassan | C15: Joudan Hazem Mahmoud Ibrahim Hassan (100077985) | D15: Ahmed Aboelgoud | E15: Ramadan Gamal | F15: Production | G15: Wave 32 | H15: 60-120 | I15: 46240 | J15: 62 | K15: =D15&"|"&COUNTIF($D$2:D15,D15) -> Ahmed Aboelgoud|14
A16: 100077983 | B16: Judy Kareem Ahmed Ali | C16: Judy Kareem Ahmed Ali (100077983) | D16: Ahmed Aboelgoud | E16: Mohamed Radwan | F16: Training | G16: Wave 32 | H16: 120+ | I16: - | J16: - | K16: =D16&"|"&COUNTIF($D$2:D16,D16) -> Ahmed Aboelgoud|15
A17: 100077988 | B17: Laila Zeyad Wageh Hassan | C17: Laila Zeyad Wageh Hassan (100077988) | D17: Ahmed Aboelgoud | E17: Ramadan Gamal | F17: Production | G17: Wave 32 | H17: 60-120 | I17: 46240 | J17: 62 | K17: =D17&"|"&COUNTIF($D$2:D17,D17) -> Ahmed Aboelgoud|16
A18: 100077982 | B18: Marwan Abdelrahman Abdelrahman Ahmed Zahran | C18: Marwan Abdelrahman Abdelrahman Ahmed Zahran (100077982) | D18: Ahmed Aboelgoud | E18: Ramadan Gamal | F18: Production | G18: Wave 32 | H18: 60-120 | I18: 46242 | J18: 60 | K18: =D18&"|"&COUNTIF($D$2:D18,D18) -> Ahmed Aboelgoud|17
A19: 100077975 | B19: Mohamed Medhat Mahmoud El Gendi | C19: Mohamed Medhat Mahmoud El Gendi (100077975) | D19: Ahmed Aboelgoud | E19: Ramadan Gamal | F19: Production | G19: Wave 32 | H19: 60-120 | I19: 46242 | J19: 60 | K19: =D19&"|"&COUNTIF($D$2:D19,D19) -> Ahmed Aboelgoud|18
A20: 100077978 | B20: Mohamed Nady Abdelmordy Elakhwas | C20: Mohamed Nady Abdelmordy Elakhwas (100077978) | D20: Ahmed Aboelgoud | E20: Ramadan Gamal | F20: Production | G20: Wave 32 | H20: 60-120 | I20: 46240 | J20: 62 | K20: =D20&"|"&COUNTIF($D$2:D20,D20) -> Ahmed Aboelgoud|19
A21: 100077973 | B21: Omar Abdelnasser Fathy Mohamed Hassan | C21: Omar Abdelnasser Fathy Mohamed Hassan (100077973) | D21: Ahmed Aboelgoud | E21: Ramadan Gamal | F21: Production | G21: Wave 32 | H21: 60-120 | I21: 46240 | J21: 62 | K21: =D21&"|"&COUNTIF($D$2:D21,D21) -> Ahmed Aboelgoud|20
A22: 100077987 | B22: Omar Khaled Nasreldin Ahmad Saad | C22: Omar Khaled Nasreldin Ahmad Saad (100077987) | D22: Ahmed Aboelgoud | E22: Ramadan Gamal | F22: Production | G22: Wave 32 | H22: 60-120 | I22: 46240 | J22: 62 | K22: =D22&"|"&COUNTIF($D$2:D22,D22) -> Ahmed Aboelgoud|21
A23: 100077971 | B23: Roba Yahia Abselsattar Abdelhameed | C23: Roba Yahia Abselsattar Abdelhameed (100077971) | D23: Ahmed Aboelgoud | E23: Ramadan Gamal | F23: Production | G23: Wave 32 | H23: 60-120 | I23: 46240 | J23: 62 | K23: =D23&"|"&COUNTIF($D$2:D23,D23) -> Ahmed Aboelgoud|22
A24: 100077972 | B24: Zaineldin Ahmed Soliman Abdelaziz | C24: Zaineldin Ahmed Soliman Abdelaziz (100077972) | D24: Ahmed Aboelgoud | E24: Ramadan Gamal | F24: Production | G24: Wave 32 | H24: 60-120 | I24: 46240 | J24: 62 | K24: =D24&"|"&COUNTIF($D$2:D24,D24) -> Ahmed Aboelgoud|23
A25: 100075055 | B25: Ahmed Mohamed | C25: Ahmed Mohamed (100075055) | D25: Anas Sami | E25: Bishoy Mourad | F25: Production | G25: Wave 28 | H25: 30-60 | I25: 46258 | J25: 44 | K25: =D25&"|"&COUNTIF($D$2:D25,D25) -> Anas Sami|1
A26: 100075067 | B26: Ahmed Saeed | C26: Ahmed Saeed (100075067) | D26: Anas Sami | E26: Bishoy Mourad | F26: Production | G26: Wave 28 | H26: 30-60 | I26: 46262 | J26: 40 | K26: =D26&"|"&COUNTIF($D$2:D26,D26) -> Anas Sami|2
A27: 100075065 | B27: Ahmed Saieed | C27: Ahmed Saieed (100075065) | D27: Anas Sami | E27: Bishoy Mourad | F27: Production | G27: Wave 28 | H27: 30-60 | I27: 46258 | J27: 44 | K27: =D27&"|"&COUNTIF($D$2:D27,D27) -> Anas Sami|3
A28: 100075069 | B28: Habiba Saeed | C28: Habiba Saeed (100075069) | D28: Anas Sami | E28: Bishoy Mourad | F28: Production | G28: Wave 28 | H28: 30-60 | I28: 46262 | J28: 40 | K28: =D28&"|"&COUNTIF($D$2:D28,D28) -> Anas Sami|4
... A72: 100071686 | B72: Amr Saad | C72: Amr Saad (100071686) | D72: Mina Milad | E72: Bishoy Mourad | F72: Production | G72: Wave 22 | H72: 60-120 | I72: 46204 | J72: 98 | K72: =D72&"|"&COUNTIF($D$2:D72,D72) -> Mina Milad|4
A73: 100049619 | B73: Bassant Mohamed | C73: Bassant Mohamed (100049619) | D73: Mina Milad | E73: Bishoy Mourad | F73: Production | G73: Wave 8 | H73: 120+ | I73: - | J73: - | K73: =D73&"|"&COUNTIF($D$2:D73,D73) -> Mina Milad|5
A74: 100071354 | B74: Ehab Elsawah | C74: Ehab Elsawah (100071354) | D74: Mina Milad | E74: Bishoy Mourad | F74: Production | G74: Wave 22 | H74: 60-120 | I74: 46204 | J74: 98 | K74: =D74&"|"&COUNTIF($D$2:D74,D74) -> Mina Milad|6
A75: 100053635 | B75: Hesham Mohamed Abdelaziz Mohamed | C75: Hesham Mohamed Abdelaziz Mohamed (100053635) | D75: Mina Milad | E75: Bishoy Mourad | F75: Production | G75: Wave 9 | H75: 120+ | I75: 46102 | J75: 200 | K75: =D75&"|"&COUNTIF($D$2:D75,D75) -> Mina Milad|7
A76: 100071356 | B76: Khaled Hassanen | C76: Khaled Hassanen (100071356) | D76: Mina Milad | E76: Bishoy Mourad | F76: Production | G76: Wave 22 | H76: 60-120 | I76: 46204 | J76: 98 | K76: =D76&"|"&COUNTIF($D$2:D76,D76) -> Mina Milad|8
A77: 100066378 | B77: Marawan Hatem Helmy Mahmoud | C77: Marawan Hatem Helmy Mahmoud (100066378) | D77: Mina Milad | E77: Bishoy Mourad | F77: Production | G77: Wave 27 | H77: 30-60 | I77: 46255 | J77: 47 | K77: =D77&"|"&COUNTIF($D$2:D77,D77) -> Mina Milad|9
A78: 100071352 | B78: Mohamed Hafez | C78: Mohamed Hafez (100071352) | D78: Mina Milad | E78: Bishoy Mourad | F78: Production | G78: Wave 22 | H78: 60-120 | I78: 46204 | J78: 98 | K78: =D78&"|"&COUNTIF($D$2:D78,D78) -> Mina Milad|10
A79: 100074620 | B79: Momin Mohsen Ramadan Mohammad | C79: Momin Mohsen Ramadan Mohammad (100074620) | D79: Mina Milad | E79: Bishoy Mourad | F79: Production | G79: Wave 27 | H79: 30-60 | I79: 46255 | J79: 47 | K79: =D79&"|"&COUNTIF($D$2:D79,D79) -> Mina Milad|11
A80: 100076799 | B80: Mostafa Magdy Ismail | C80: Mostafa Magdy Ismail (100076799) | D80: Mina Milad | E80: Bishoy Mourad | F80: Production | G80: Wave 30 | H80: 30-60 | I80: 46266 | J80: 36 | K80: =D80&"|"&COUNTIF($D$2:D80,D80) -> Mina Milad|12
A81: 100071364 | B81: Omar Elmeniawy | C81: Omar Elmeniawy (100071364) | D81: Mina Milad | E81: Bishoy Mourad | F81: Production | G81: Wave 22 | H81: 60-120 | I81: 46204 | J81: 98 | K81: =D81&"|"&COUNTIF($D$2:D81,D81) -> Mina Milad|13
A82: 100071351 | B82: Sama Abdelqawy | C82: Sama Abdelqawy (100071351) | D82: Mina Milad | E82: Bishoy Mourad | F82: Production | G82: Wave 22 | H82: 60-120 | I82: 46204 | J82: 98 | K82: =D82&"|"&COUNTIF($D$2:D82,D82) -> Mina Milad|14
A83: 100071611 | B83: Shahd Hanfi | C83: Shahd Hanfi (100071611) | D83: Mina Milad | E83: Bishoy Mourad | F83: Production | G83: Wave 22 | H83: 60-120 | I83: 46204 | J83: 98 | K83: =D83&"|"&COUNTIF($D$2:D83,D83) -> Mina Milad|15
A84: 100071608 | B84: Shrouq Mahmoud | C84: Shrouq Mahmoud (100071608) | D84: Mina Milad | E84: Bishoy Mourad | F84: Production | G84: Wave 22 | H84: 60-120 | I84: 46204 | J84: 98 | K84: =D84&"|"&COUNTIF($D$2:D84,D84) -> Mina Milad|16
A85: 100076813 | B85: Tawfik Nabil Tawfik | C85: Tawfik Nabil Tawfik (100076813) | D85: Mina Milad | E85: Bishoy Mourad | F85: Production | G85: Wave 30 | H85: 30-60 | I85: 46266 | J85: 36 | K85: =D85&"|"&COUNTIF($D$2:D85,D85) -> Mina Milad|17
... A179: 100070317 | B179: Abdullah Ehab Ahmed Abdelsalam Elkady | C179: Abdullah Ehab Ahmed Abdelsalam Elkady (100070317) | D179: Rahma Samir | E179: Bishoy Mourad | F179: Production | G179: Wave 20 | H179: 60-120 | I179: 46235 | J179: 67 | K179: =D179&"|"&COUNTIF($D$2:D179,D179) -> Rahma Samir|2
A180: 100064778 | B180: Adham Tarek Kamal Elsherif | C180: Adham Tarek Kamal Elsherif (100064778) | D180: Rahma Samir | E180: Bishoy Mourad | F180: Production | G180: Wave 15 | H180: 120+ | I180: - | J180: - | K180: =D180&"|"&COUNTIF($D$2:D180,D180) -> Rahma Samir|3
A181: 100059949 | B181: Ahd Mahmoud | C181: Ahd Mahmoud (100059949) | D181: Rahma Samir | E181: Bishoy Mourad | F181: Production | G181: Wave 12 | H181: 120+ | I181: - | J181: - | K181: =D181&"|"&COUNTIF($D$2:D181,D181) -> Rahma Samir|4
A182: 100070304 | B182: Ahmed Abdelrahman Salem Mohamed Sakr | C182: Ahmed Abdelrahman Salem Mohamed Sakr (100070304) | D182: Rahma Samir | E182: Bishoy Mourad | F182: Production | G182: Wave 20 | H182: 60-120 | I182: 46235 | J182: 67 | K182: =D182&"|"&COUNTIF($D$2:D182,D182) -> Rahma Samir|5
A183: 100053648 | B183: Aliaa Adel Mahmoud Fahmy Behiry | C183: Aliaa Adel Mahmoud Fahmy Behiry (100053648) | D183: Rahma Samir | E183: Bishoy Mourad | F183: Production | G183: Wave 9 | H183: 120+ | I183: - | J183: - | K183: =D183&"|"&COUNTIF($D$2:D183,D183) -> Rahma Samir|6
A184: 100077693 | B184: Asser Mohamed Mohamed Said Ahmed Ahmed | C184: Asser Mohamed Mohamed Said Ahmed Ahmed (100077693) | D184: Rahma Samir | E184: Bishoy Mourad | F184: Production | G184: Wave 31 | H184: 60-120 | I184: 46233 | J184: 69 | K184: =D184&"|"&COUNTIF($D$2:D184,D184) -> Rahma Samir|7
A185: 100068350 | B185: Esraa Mostafa Ali Mostafa Zhran | C185: Esraa Mostafa Ali Mostafa Zhran (100068350) | D185: Rahma Samir | E185: Bishoy Mourad | F185: Production | G185: Wave 19 | H185: 120+ | I185: 46141 | J185: 161 | K185: =D185&"|"&COUNTIF($D$2:D185,D185) -> Rahma Samir|8
A186: 100062651 | B186: Germen Shohdy | C186: Germen Shohdy (100062651) | D186: Rahma Samir | E186: Bishoy Mourad | F186: Production | G186: Wave 14 | H186: 120+ | I186: - | J186: - | K186: =D186&"|"&COUNTIF($D$2:D186,D186) -> Rahma Samir|9
A187: 100077673 | B187: Jana Mohamed Ahmed Badawi Elsayed | C187: Jana Mohamed Ahmed Badawi Elsayed (100077673) | D187: Rahma Samir | E187: Bishoy Mourad | F187: Production | G187: Wave 31 | H187: 60-120 | I187: 46233 | J187: 69 | K187: =D187&"|"&COUNTIF($D$2:D187,D187) -> Rahma Samir|10
A188: 100077683 | B188: Mahmoud Hamdi Mansour Haridi | C188: Mahmoud Hamdi Mansour Haridi (100077683) | D188: Rahma Samir | E188: Bishoy Mourad | F188: Production | G188: Wave 31 | H188: 60-120 | I188: 46233 | J188: 69 | K188: =D188&"|"&COUNTIF($D$2:D188,D188) -> Rahma Samir|11
A189: 100077675 | B189: Mina Ehab Nassif Kamel | C189: Mina Ehab Nassif Kamel (100077675) | D189: Rahma Samir | E189: Bishoy Mourad | F189: Production | G189: Wave 31 | H189: 60-120 | I189: 46233 | J189: 69 | K189: =D189&"|"&COUNTIF($D$2:D189,D189) -> Rahma Samir|12
A190: 100070945 | B190: Mohamed Alhussein Maher Hassan | C190: Mohamed Alhussein Maher Hassan (100070945) | D190: Rahma Samir | E190: Bishoy Mourad | F190: Production | G190: Wave 21 | H190: 60-120 | I190: 46211 | J190: 91 | K190: =D190&"|"&COUNTIF($D$2:D190,D190) -> Rahma Samir|13
A191: 100077698 | B191: Mohamed Ali El Fouly Ahmed | C191: Mohamed Ali El Fouly Ahmed (100077698) | D191: Rahma Samir | E191: Bishoy Mourad | F191: Production | G191: Wave 31 | H191: 60-120 | I191: 46233 | J191: 69 | K191: =D191&"|"&COUNTIF($D$2:D191,D191) -> Rahma Samir|14
A192: 100049624 | B192: Mohamed Hassan | C192: Mohamed Hassan (100049624) | D192: Rahma Samir | E192: Bishoy Mourad | F192: Production | G192: Wave 8 | H192: 120+ | I192: - | J192: - | K192: =D192&"|"&COUNTIF($D$2:D192,D192) -> Rahma Samir|15
A193: 100070316 | B193: Omar Abdelqader Aly | C193: Omar Abdelqader Aly (100070316) | D193: Rahma Samir | E193: Bishoy Mourad | F193: Production | G193: Wave 20 | H193: 120+ | I193: 46178 | J193: 124 | K193: =D193&"|"&COUNTIF($D$2:D193,D193) -> Rahma Samir|16
A194: 100077681 | B194: Omar Shreif Mohammed Nabil Shafik | C194: Omar Shreif Mohammed Nabil Shafik (100077681) | D194: Rahma Samir | E194: Bishoy Mourad | F194: Production | G194: Wave 31 | H194: 60-120 | I194: 46233 | J194: 69 | K194: =D194&"|"&COUNTIF($D$2:D194,D194) -> Rahma Samir|17
A195: 100059946 | B195: Safwat Mohamed | C195: Safwat Mohamed (100059946) | D195: Rahma Samir | E195: Bishoy Mourad | F195: Production | G195: Wave 12 | H195: 120+ | I195: 46143 | J195: 159 | K195: =D195&"|"&COUNTIF($D$2:D195,D195) -> Rahma Samir|18
A196: 100070308 | B196: Samir Abdelaziz Farid Ali Salem | C196: Samir Abdelaziz Farid Ali Salem (100070308) | D196: Rahma Samir | E196: Bishoy Mourad | F196: Production | G196: Wave 20 | H196: 120+ | I196: - | J196: - | K196: =D196&"|"&COUNTIF($D$2:D196,D196) -> Rahma Samir|19
A197: 100074089 | B197: Yassin Mohamed Fawzy Mostafa | C197: Yassin Mohamed Fawzy Mostafa (100074089) | D197: Rahma Samir | E197: Bishoy Mourad | F197: Production | G197: Wave 26 | H197: 30-60 | I197: 46251 | J197: 51 | K197: =D197&"|"&COUNTIF($D$2:D197,D197) -> Rahma Samir|20
A198: 4300729 | B198: Youssef Yasser Gawdat Youssef | C198: Youssef Yasser Gawdat Youssef (4300729) | D198: Rahma Samir | E198: Bishoy Mourad | F198: Production | G198: Wave 17 | H198: 120+ | I198: - | J198: - | K198: =D198&"|"&COUNTIF($D$2:D198,D198) -> Rahma Samir|21
A199: 100077676 | B199: Yusuf Mohammed Fathy Abdellatif Hassan Shahawey | C199: Yusuf Mohammed Fathy Abdellatif Hassan Shahawey (100077676) | D199: Rahma Samir | E199: Bishoy Mourad | F199: Production | G199: Wave 31 | H199: 60-120 | I199: 46233 | J199: 69 | K199: =D199&"|"&COUNTIF($D$2:D199,D199) -> Rahma Samir|22
A200: 100076811 | B200: Abanoub Reda Towadros Rofael | C200: Abanoub Reda Towadros Rofael (100076811) | D200: Salma Ahmed | E200: Ramadan Gamal | F200: Production | G200: Wave 30 | H200: 30-60 | I200: 46266 | J200: 36 | K200: =D200&"|"&COUNTIF($D$2:D200,D200) -> Salma Ahmed|1
A201: 100066502 | B201: Ahmad Abdelftah Hanafy Etman | C201: Ahmad Abdelftah Hanafy Etman (100066502) | D201: Salma Ahmed | E201: Ramadan Gamal | F201: Production | G201: Wave 17 | H201: 120+ | I201: - | J201: - | K201: =D201&"|"&COUNTIF($D$2:D201,D201) -> Salma Ahmed|2
A202: 100074628 | B202: Belal Ashraf Ahmed Badran | C202: Belal Ashraf Ahmed Badran (100074628) | D202: Salma Ahmed | E202: Ramadan Gamal | F202: Production | G202: Wave 27 | H202: 30-60 | I202: 46255 | J202: 47 | K202: =D202&"|"&COUNTIF($D$2:D202,D202) -> Salma Ahmed|3
A203: 100076802 | B203: Eyad Magdy Eid Mohamed | C203: Eyad Magdy Eid Mohamed (100076802) | D203: Salma Ahmed | E203: Ramadan Gamal | F203: Production | G203: Wave 30 | H203: 30-60 | I203: 46266 | J203: 36 | K203: =D203&"|"&COUNTIF($D$2:D203,D203) -> Salma Ahmed|4
A204: 100064783 | B204: Gehad Khalaf Mohamed Ghanem | C204: Gehad Khalaf Mohamed Ghanem (100064783) | D204: Salma Ahmed | E204: Ramadan Gamal | F204: Production | G204: Wave 15 | H204: 30-60 | I204: 46252 | J204: 50 | K204: =D204&"|"&COUNTIF($D$2:D204,D204) -> Salma Ahmed|5
A205: 100066503 | B205: Hisham Ahmed Saad Abd Elnaby | C205: Hisham Ahmed Saad Abd Elnaby (100066503) | D205: Salma Ahmed | E205: Ramadan Gamal | F205: Production | G205: Wave 17 | H205: 120+ | I205: 46107 | J205: 195 | K205: =D205&"|"&COUNTIF($D$2:D205,D205) -> Salma Ahmed|6
A206: 100059950 | B206: Hussien Awad | C206: Hussien Awad (100059950) | D206: Salma Ahmed | E206: Ramadan Gamal | F206: Production | G206: Wave 12 | H206: 120+ | I206: 46074 | J206: 228 | K206: =D206&"|"&COUNTIF($D$2:D206,D206) -> Salma Ahmed|7
A207: 4300763 | B207: Marwan Amir Mohamed Esmail | C207: Marwan Amir Mohamed Esmail (4300763) | D207: Salma Ahmed | E207: Ramadan Gamal | F207: Production | G207: Wave 30 | H207: 30-60 | I207: 46266 | J207: 36 | K207: =D207&"|"&COUNTIF($D$2:D207,D207) -> Salma Ahmed|8
A208: 100055944 | B208: Mohamed Ahmed | C208: Mohamed Ahmed (100055944) | D208: Salma Ahmed | E208: Ramadan Gamal | F208: Production | G208: Wave 10 | H208: 120+ | I208: 46133 | J208: 169 | K208: =D208&"|"&COUNTIF($D$2:D208,D208) -> Salma Ahmed|9
A209: 100062650 | B209: Mohamed Ashraf Hassan Al-Elemy | C209: Mohamed Ashraf Hassan Al-Elemy (100062650) | D209: Salma Ahmed | E209: Ramadan Gamal | F209: Production | G209: Wave 17 | H209: 120+ | I209: 46100 | J209: 202 | K209: =D209&"|"&COUNTIF($D$2:D209,D209) -> Salma Ahmed|10
A210: 100070942 | B210: Mohamed Ehab Ahmed Abdelrahman | C210: Mohamed Ehab Ahmed Abdelrahman (100070942) | D210: Salma Ahmed | E210: Ramadan Gamal | F210: Production | G210: Wave 26 | H210: 30-60 | I210: 46255 | J210: 47 | K210: =D210&"|"&COUNTIF($D$2:D210,D210) -> Salma Ahmed|11
A211: 100066493 | B211: Muhammad Gamal Metwally Muhammad Alsharkawy | C211: Muhammad Gamal Metwally Muhammad Alsharkawy (100066493) | D211: Salma Ahmed | E211: Ramadan Gamal | F211: Production | G211: Wave 17 | H211: 120+ | I211: - | J211: - | K211: =D211&"|"&COUNTIF($D$2:D211,D211) -> Salma Ahmed|12
A212: 100061993 | B212: Omar Wael Abdallah | C212: Omar Wael Abdallah (100061993) | D212: Salma Ahmed | E212: Ramadan Gamal | F212: Production | G212: Wave 13 | H212: 120+ | I212: - | J212: - | K212: =D212&"|"&COUNTIF($D$2:D212,D212) -> Salma Ahmed|13
A213: 100074079 | B213: Salsabeel Saeed Mohamed Elgamel Saad | C213: Salsabeel Saeed Mohamed Elgamel Saad (100074079) | D213: Salma Ahmed | E213: Ramadan Gamal | F213: Production | G213: Wave 26 | H213: 30-60 | I213: 46251 | J213: 51 | K213: =D213&"|"&COUNTIF($D$2:D213,D213) -> Salma Ahmed|14
A214: 100070319 | B214: Samuel Wadie Morgan Tawfik | C214: Samuel Wadie Morgan Tawfik (100070319) | D214: Salma Ahmed | E214: Ramadan Gamal | F214: Production | G214: Wave 20 | H214: 120+ | I214: 46178 | J214: 124 | K214: =D214&"|"&COUNTIF($D$2:D214,D214) -> Salma Ahmed|15
A215: 100067084 | B215: Walaa Reda Abd El Galel Atta | C215: Walaa Reda Abd El Galel Atta (100067084) | D215: Salma Ahmed | E215: Ramadan Gamal | F215: Production | G215: Wave 18 | H215: 120+ | I215: 46107 | J215: 195 | K215: =D215&"|"&COUNTIF($D$2:D215,D215) -> Salma Ahmed|16
A216: 100074612 | B216: Youssef Sherif Gamal Attya | C216: Youssef Sherif Gamal Attya (100074612) | D216: Salma Ahmed | E216: Ramadan Gamal | F216: Production | G216: Wave 27 | H216: 30-60 | I216: 46255 | J216: 47 | K216: =D216&"|"&COUNTIF($D$2:D216,D216) -> Salma Ahmed|17
A217: 100074619 | B217: Abdallah Mohamed Abdallah Mahmoud Hammam | C217: Abdallah Mohamed Abdallah Mahmoud Hammam (100074619) | D217: Shereen Kamal | E217: Bishoy Mourad | F217: Production | G217: Wave 27 | H217: 30-60 | I217: 46251 | J217: 51 | K217: =D217&"|"&COUNTIF($D$2:D217,D217) -> Shereen Kamal|1
A218: 100077685 | B218: Abdelrahman Hassan Elsayed Katarya | C218: Abdelrahman Hassan Elsayed Katarya (100077685) | D218: Shereen Kamal | E218: Bishoy Mourad | F218: Production | G218: Wave 31 | H218: 60-120 | I218: 46233 | J218: 69 | K218: =D218&"|"&COUNTIF($D$2:D218,D218) -> Shereen Kamal|2
A219: 100071925 | B219: Ali Hussien Ahmed Hameed | C219: Ali Hussien Ahmed Hameed (100071925) | D219: Shereen Kamal | E219: Bishoy Mourad | F219: Production | G219: Wave 23 | H219: 60-120 | I219: 46204 | J219: 98 | K219: =D219&"|"&COUNTIF($D$2:D219,D219) -> Shereen Kamal|3
A220: 100046118 | B220: Assem Morsy | C220: Assem Morsy (100046118) | D220: Shereen Kamal | E220: Bishoy Mourad | F220: Production | G220: Wave 6 | H220: 30-60 | I220: 46252 | J220: 50 | K220: =D220&"|"&COUNTIF($D$2:D220,D220) -> Shereen Kamal|4
A221: 100076814 | B221: Badr Osama Ibrahim | C221: Badr Osama Ibrahim (100076814) | D221: Shereen Kamal | E221: Bishoy Mourad | F221: Production | G221: Wave 30 | H221: 30-60 | I221: 46266 | J221: 36 | K221: =D221&"|"&COUNTIF($D$2:D221,D221) -> Shereen Kamal|5
A222: 100074076 | B222: Gasser Osama Esmail Youssef | C222: Gasser Osama Esmail Youssef (100074076) | D222: Shereen Kamal | E222: Bishoy Mourad | F222: Production | G222: Wave 26 | H222: 30-60 | I222: 46251 | J222: 51 | K222: =D222&"|"&COUNTIF($D$2:D222,D222) -> Shereen Kamal|6
A223: 100074627 | B223: Hussein Essam Elsayed Eldesoky Hussien | C223: Hussein Essam Elsayed Eldesoky Hussien (100074627) | D223: Shereen Kamal | E223: Bishoy Mourad | F223: Production | G223: Wave 27 | H223: 30-60 | I223: 46255 | J223: 47 | K223: =D223&"|"&COUNTIF($D$2:D223,D223) -> Shereen Kamal|7
A224: 100074615 | B224: Hussien Ahmed Ahmed Eladawy | C224: Hussien Ahmed Ahmed Eladawy (100074615) | D224: Shereen Kamal | E224: Bishoy Mourad | F224: Production | G224: Wave 27 | H224: 30-60 | I224: 46255 | J224: 47 | K224: =D224&"|"&COUNTIF($D$2:D224,D224) -> Shereen Kamal|8
A225: 100067085 | B225: John Raouf Asaad Haana | C225: John Raouf Asaad Haana (100067085) | D225: Shereen Kamal | E225: Bishoy Mourad | F225: Production | G225: Wave 18 | H225: 120+ | I225: - | J225: - | K225: =D225&"|"&COUNTIF($D$2:D225,D225) -> Shereen Kamal|9
A226: 100074639 | B226: Kareem Moustafa Kamal Mohammed Alatfy | C226: Kareem Moustafa Kamal Mohammed Alatfy (100074639) | D226: Shereen Kamal | E226: Bishoy Mourad | F226: Production | G226: Wave 27 | H226: 30-60 | I226: 46266 | J226: 36 | K226: =D226&"|"&COUNTIF($D$2:D226,D226) -> Shereen Kamal|10
A227: 100066501 | B227: Mark Alaa Maher Haleem | C227: Mark Alaa Maher Haleem (100066501) | D227: Shereen Kamal | E227: Bishoy Mourad | F227: Production | G227: Wave 17 | H227: 120+ | I227: 46100 | J227: 202 | K227: =D227&"|"&COUNTIF($D$2:D227,D227) -> Shereen Kamal|11
A228: 100074638 | B228: Mohamed Abdelhamed Mohamed Abdelwahed Al Soda | C228: Mohamed Abdelhamed Mohamed Abdelwahed Al Soda (100074638) | D228: Shereen Kamal | E228: Bishoy Mourad | F228: Production | G228: Wave 27 | H228: 30-60 | I228: 46255 | J228: 47 | K228: =D228&"|"&COUNTIF($D$2:D228,D228) -> Shereen Kamal|12
A229: 100076817 | B229: Mohamed Saleh Hussein Mohamed (Hazem) | C229: Mohamed Saleh Hussein Mohamed (Hazem) (100076817) | D229: Shereen Kamal | E229: Bishoy Mourad | F229: Production | G229: Wave 30 | H229: 30-60 | I229: 46266 | J229: 36 | K229: =D229&"|"&COUNTIF($D$2:D229,D229) -> Shereen Kamal|13
A230: 100071939 | B230: Mostafa Mohye Eldin Fouad Younis | C230: Mostafa Mohye Eldin Fouad Younis (100071939) | D230: Shereen Kamal | E230: Bishoy Mourad | F230: Production | G230: Wave 23 | H230: 30-60 | I230: 46255 | J230: 47 | K230: =D230&"|"&COUNTIF($D$2:D230,D230) -> Shereen Kamal|14
A231: 100071936 | B231: Omar Sayed Mohammed Abdelhamid | C231: Omar Sayed Mohammed Abdelhamid (100071936) | D231: Shereen Kamal | E231: Bishoy Mourad | F231: Production | G231: Wave 23 | H231: 60-120 | I231: 46204 | J231: 98 | K231: =D231&"|"&COUNTIF($D$2:D231,D231) -> Shereen Kamal|15
A232: 100071931 | B232: Yousra Ali Elsayed Hussien | C232: Yousra Ali Elsayed Hussien (100071931) | D232: Shereen Kamal | E232: Bishoy Mourad | F232: Production | G232: Wave 23 | H232: 60-120 | I232: 46204 | J232: 98 | K232: =D232&"|"&COUNTIF($D$2:D232,D232) -> Shereen Kamal|16
A233: 100079346 | B233: Abdelrhman Galal Qurani Galal | C233: Abdelrhman Galal Qurani Galal (100079346) | D233: Taher Yehia | E233: Mohamed Radwan | F233: Training | G233: Wave 35 | H233: 120+ | I233: - | J233: - | K233: =D233&"|"&COUNTIF($D$2:D233,D233) -> Taher Yehia|1
A234: 100079262 | B234: Abdelrhman Wael Saied Zidan | C234: Abdelrhman Wael Saied Zidan (100079262) | D234: Taher Yehia | E234: Mohamed Radwan | F234: Training | G234: Wave 35 | H234: 120+ | I234: - | J234: - | K234: =D234&"|"&COUNTIF($D$2:D234,D234) -> Taher Yehia|2
A235: 100063446 | B235: Abdullah Mohamed Mahmoud Abdelazez | C235: Abdullah Mohamed Mahmoud Abdelazez (100063446) | D235: Taher Yehia | E235: Mohamed Radwan | F235: Training | G235: Wave 35 | H235: 120+ | I235: - | J235: - | K235: =D235&"|"&COUNTIF($D$2:D235,D235) -> Taher Yehia|3
A236: 100079255 | B236: Amir Hany Shaker Mahmoud | C236: Amir Hany Shaker Mahmoud (100079255) | D236: Taher Yehia | E236: Mohamed Radwan | F236: Training | G236: Wave 35 | H236: 120+ | I236: - | J236: - | K236: =D236&"|"&COUNTIF($D$2:D236,D236) -> Taher Yehia|4
...

Sheet Lists
A1: Team Leaders | B1: Ops Managers | C1: Metrics | D1: Agents | E1: Yes/No
A2: All | B2: All | C2: Total Units | D2: Abanoub Reda Towadros Rofael (100076811) | E2: Yes
A3: Ahmed Aboelgoud | B3: Bishoy Mourad | C3: XM Lines | D3: Abdallah Abdellaziz Abdallah Abdellaziz (100076800) | E3: No
A4: Anas Sami | B4: Mohamed Radwan | C4: GSR Units | D4: Abdallah Mohamed Abdallah Mahmoud Hammam (100074619)
A5: Essam Medhat | B5: Ramadan Gamal | C5: Submissions | D5: Abdelrahaman Hussien Ibrahim (100075887)
A6: Islam Farouk | D6: Abdelrahman Abdelrehim (100075906)
A7: Mina Milad | D7: Abdelrahman Araby Farag Abdelwahed (100073753)
A8: Mohamed Ashour | D8: Abdelrahman Eid (100071349)
A9: Mohamed Kelany | D9: Abdelrahman Hassan Abdelhalim Moftah (100077679)
A10: Mostafa Mokhtar | D10: Abdelrahman Hassan Elsayed Katarya (100077685)
A11: Omar Mansour | D11: Abdelrahman Mohamed (100075901)
A12: Omar Osama | D12: Abdelrahman Mohamed Ibrahim Desoky (100079228)
A13: Rahma Samir | D13: Abdelrahman Mostafa Anwar Abo Al Hassan (100079223)
A14: Salma Ahmed | D14: Abdelrhman Galal Qurani Galal (100079346)
A15: Shereen Kamal | D15: Abdelrhman Mohammed Hassanien Mohammed (100077989)
A16: Taher Yehia | D16: Abdelrhman Wael Saied Zidan (100079262)
D17: Abdelrhman Yasser Kamel Nail (100072759)
D18: Abdelwahab Ibrahim Mohamed Fahmy Elshafaay (100078343)
D19: Abdullah Ehab Ahmed Abdelsalam Elkady (100070317)
D20: Abdullah Mohamed Mahmoud Abdelazez (100063446)
D21: Abdulrahman Ahmed Bassem Mohamed Ayman Tawfiq Al-Qadi (100078209)
D22: Adam Yasser Mohamed Rashad Attia (100079225)
D23: Adham Gamal Ahmed Aly Ahmed (100079239)
D24: Adham Magdy Mohamed Mohamed Ali (100079972)
D25: Adham Tarek Kamal Elsherif (100064778)
D26: Ahd Mahmoud (100059949)
D27: Ahmad Abdelftah Hanafy Etman (100066502)
D28: Ahmad Salah Mohammed Abdelhafiez Kahala (100078347)
... D251: Ziad Tarek Abdullah Mohamed (100077686)

Sheet Daily_Account
A1: Account Level – Day-over-Day (Cairo Repair TSX)
A2: Whole-account view, every business day (15:00 → 07:00 next day) in the tracker. Duplicate handling follows the Dashboard toggle. 7-Day Avg and WoW % are trailing calculations.
A3: Date | B3: Weekday | C3: Submissions | D3: XM Lines | E3: GSR Units | F3: Total Units | G3: DoD Δ Units | H3: DoD % | I3: 7-Day Avg | J3: WoW % | K3: Active Sellers | L3: Units / Seller | M3: XMC Yes | N3: XMC Asked | O3: XMC Attach % | P3: E-SIM Activated | Q3: E-SIM Asked | R3: E-SIM Act. % | S3: Speed Upgrade | T3: X-PRO | U3: Adding LOB | V3: Mobile Plus | W3: XMC (GSR) | X3: Devices Sold | Y3: Not-in-Roster Entries | Z3: Duplicates Flagged
A4: 46225 | B4: Wed | C4: =SUMIFS(Sales_Data!$AE$2:$AE$3520,Sales_Data!$C$2:$C$3520,$A4) -> 17 | D4: =SUMIFS(Sales_Data!$M$2:$M$3520,Sales_Data!$C$2:$C$3520,$A4,Sales_Data!$AE$2:$AE$3520,1) -> 6 | E4: =SUMIFS(Sales_Data!$N$2:$N$3520,Sales_Data!$C$2:$C$3520,$A4,Sales_Data!$AE$2:$AE$3520,1) -> 14 | F4: =D4+E4 -> 20 | G4: - | H4: - | I4: =AVERAGE(F4:F4) -> 20 | J4: - | K4: =SUMIFS(Sales_Data!$AF$2:$AF$3520,Sales_Data!$C$2:$C$3520,$A4) -> 11 | L4: =IFERROR(F4/K4,0) -> 1.8181818 | M4: =COUNTIFS(Sales_Data!$C$2:$C$3520,$A4,Sales_Data!$U$2:$U$3520,"Yes",Sales_Data!$AE$2:$AE$3520,1) -> 0 | N4: =M4+COUNTIFS(Sales_Data!$C$2:$C$3520,$A4,Sales_Data!$U$2:$U$3520,"No",Sales_Data!$AE$2:$AE$3520,1) -> 0 | O4: =IF(N4=0,"-",M4/N4) -> - | P4: =COUNTIFS(Sales_Data!$C$2:$C$3520,$A4,Sales_Data!$W$2:$W$3520,"Yes",Sales_Data!$AE$2:$AE$3520,1) -> 0 | Q4: =P4+COUNTIFS(Sales_Data!$C$2:$C$3520,$A4,Sales_Data!$W$2:$W$3520,"No",Sales_Data!$AE$2:$AE$3520,1) -> 0 | R4: =IF(Q4=0,"-",P4/Q4) -> - | S4: =SUMIFS(Sales_Data!$P$2:$P$3520,Sales_Data!$C$2:$C$3520,$A4,Sales_Data!$AE$2:$AE$3520,1) -> 8 | T4: =SUMIFS(Sales_Data!$Q$2:$Q$3520,Sales_Data!$C$2:$C$3520,$A4,Sales_Data!$AE$2:$AE$3520,1) -> 4 | U4: =SUMIFS(Sales_Data!$R$2:$R$3520,Sales_Data!$C$2:$C$3520,$A4,Sales_Data!$AE$2:$AE$3520,1) -> 2 | V4: =SUMIFS(Sales_Data!$S$2:$S$3520,Sales_Data!$C$2:$C$3520,$A4,Sales_Data!$AE$2:$AE$3520,1) -> 0 | W4: =SUMIFS(Sales_Data!$T$2:$T$3520,Sales_Data!$C$2:$C$3520,$A4,Sales_Data!$AE$2:$AE$3520,1) -> 0 | X4: =COUNTIFS(Sales_Data!$C$2:$C$3520,$A4,Sales_Data!$X$2:$X$3520,"<>No Device",Sales_Data!$X$2:$X$3520,"<>",Sales_Data!$AE$2:$AE$3520,1) -> 0 | Y4: =COUNTIFS(Sales_Data!$C$2:$C$3520,$A4,Sales_Data!$AD$2:$AD$3520,0,Sales_Data!$AE$2:$AE$3520,1) -> 6 | Z4: =COUNTIFS(Sales_Data!$C$2:$C$3520,$A4,Sales_Data!$AC$2:$AC$3520,1) -> 0
A5: 46226 | B5: Thu | C5: =SUMIFS(Sales_Data!$AE$2:$AE$3520,Sales_Data!$C$2:$C$3520,$A5) -> 32 | D5: =SUMIFS(Sales_Data!$M$2:$M$3520,Sales_Data!$C$2:$C$3520,$A5,Sales_Data!$AE$2:$AE$3520,1) -> 12 | E5: =SUMIFS(Sales_Data!$N$2:$N$3520,Sales_Data!$C$2:$C$3520,$A5,Sales_Data!$AE$2:$AE$3520,1) -> 25 | F5: =D5+E5 -> 37 | G5: =F5-F4 -> 17 | H5: =IF(F4=0,"-",(F5-F4)/F4) -> 0.85 | I5: =AVERAGE(F4:F5) -> 28.5 | J5: - | K5: =SUMIFS(Sales_Data!$AF$2:$AF$3520,Sales_Data!$C$2:$C$3520,$A5) -> 16 | L5: =IFERROR(F5/K5,0) -> 2.3125 | M5: =COUNTIFS(Sales_Data!$C$2:$C$3520,$A5,Sales_Data!$U$2:$U$3520,"Yes",Sales_Data!$AE$2:$AE$3520,1) -> 0 | N5: =M5+COUNTIFS(Sales_Data!$C$2:$C$3520,$A5,Sales_Data!$U$2:$U$3520,"No",Sales_Data!$AE$2:$AE$3520,1) -> 0 | O5: =IF(N5=0,"-",M5/N5) -> - | P5: =COUNTIFS(Sales_Data!$C$2:$C$3520,$A5,Sales_Data!$W$2:$W$3520,"Yes",Sales_Data!$AE$2:$AE$3520,1) -> 0 | Q5: =P5+COUNTIFS(Sales_Data!$C$2:$C$3520,$A5,Sales_Data!$W$2:$W$3520,"No",Sales_Data!$AE$2:$AE$3520,1) -> 0 | R5: =IF(Q5=0,"-",P5/Q5) -> - | S5: =SUMIFS(Sales_Data!$P$2:$P$3520,Sales_Data!$C$2:$C$3520,$A5,Sales_Data!$AE$2:$AE$3520,1) -> 17 | T5: =SUMIFS(Sales_Data!$Q$2:$Q$3520,Sales_Data!$C$2:$C$3520,$A5,Sales_Data!$AE$2:$AE$3520,1) -> 7 | U5: =SUMIFS(Sales_Data!$R$2:$R$3520,Sales_Data!$C$2:$C$3520,$A5,Sales_Data!$AE$2:$AE$3520,1) -> 1 | V5: =SUMIFS(Sales_Data!$S$2:$S$3520,Sales_Data!$C$2:$C$3520,$A5,Sales_Data!$AE$2:$AE$3520,1) -> 0 | W5: =SUMIFS(Sales_Data!$T$2:$T$3520,Sales_Data!$C$2:$C$3520,$A5,Sales_Data!$AE$2:$AE$3520,1) -> 0 | X5: =COUNTIFS(Sales_Data!$C$2:$C$3520,$A5,Sales_Data!$X$2:$X$3520,"<>No Device",Sales_Data!$X$2:$X$3520,"<>",Sales_Data!$AE$2:$AE$3520,1) -> 0 | Y5: =COUNTIFS(Sales_Data!$C$2:$C$3520,$A5,Sales_Data!$AD$2:$AD$3520,0,Sales_Data!$AE$2:$AE$3520,1) -> 8 | Z5: =COUNTIFS(Sales_Data!$C$2:$C$3520,$A5,Sales_Data!$AC$2:$AC$3520,1) -> 2
A6: 46227 | B6: Fri | C6: =SUMIFS(Sales_Data!$AE$2:$AE$3520,Sales_Data!$C$2:$C$3520,$A6) -> 36 | D6: =SUMIFS(Sales_Data!$M$2:$M$3520,Sales_Data!$C$2:$C$3520,$A6,Sales_Data!$AE$2:$AE$3520,1) -> 8 | E6: =SUMIFS(Sales_Data!$N$2:$N$3520,Sales_Data!$C$2:$C$3520,$A6,Sales_Data!$AE$2:$AE$3520,1) -> 35 | F6: =D6+E6 -> 43 | G6: =F6-F5 -> 6 | H6: =IF(F5=0,"-",(F6-F5)/F5) -> 0.16216216 | I6: =AVERAGE(F4:F6) -> 33.333333 | J6: - | K6: =SUMIFS(Sales_Data!$AF$2:$AF$3520,Sales_Data!$C$2:$C$3520,$A6) -> 18 | L6: =IFERROR(F6/K6,0) -> 2.3888889 | M6: =COUNTIFS(Sales_Data!$C$2:$C$3520,$A6,Sales_Data!$U$2:$U$3520,"Yes",Sales_Data!$AE$2:$AE$3520,1) -> 0 | N6: =M6+COUNTIFS(Sales_Data!$C$2:$C$3520,$A6,Sales_Data!$U$2:$U$3520,"No",Sales_Data!$AE$2:$AE$3520,1) -> 0 | O6: =IF(N6=0,"-",M6/N6) -> - | P6: =COUNTIFS(Sales_Data!$C$2:$C$3520,$A6,Sales_Data!$W$2:$W$3520,"Yes",Sales_Data!$AE$2:$AE$3520,1) -> 0 | Q6: =P6+COUNTIFS(Sales_Data!$C$2:$C$3520,$A6,Sales_Data!$W$2:$W$3520,"No",Sales_Data!$AE$2:$AE$3520,1) -> 0 | R6: =IF(Q6=0,"-",P6/Q6) -> - | S6: =SUMIFS(Sales_Data!$P$2:$P$3520,Sales_Data!$C$2:$C$3520,$A6,Sales_Data!$AE$2:$AE$3520,1) -> 20 | T6: =SUMIFS(Sales_Data!$Q$2:$Q$3520,Sales_Data!$C$2:$C$3520,$A6,Sales_Data!$AE$2:$AE$3520,1) -> 13 | U6: =SUMIFS(Sales_Data!$R$2:$R$3520,Sales_Data!$C$2:$C$3520,$A6,Sales_Data!$AE$2:$AE$3520,1) -> 1 | V6: =SUMIFS(Sales_Data!$S$2:$S$3520,Sales_Data!$C$2:$C$3520,$A6,Sales_Data!$AE$2:$AE$3520,1) -> 1 | W6: =SUMIFS(Sales_Data!$T$2:$T$3520,Sales_Data!$C$2:$C$3520,$A6,Sales_Data!$AE$2:$AE$3520,1) -> 0 | X6: =COUNTIFS(Sales_Data!$C$2:$C$3520,$A6,Sales_Data!$X$2:$X$3520,"<>No Device",Sales_Data!$X$2:$X$3520,"<>",Sales_Data!$AE$2:$AE$3520,1) -> 0 | Y6: =COUNTIFS(Sales_Data!$C$2:$C$3520,$A6,Sales_Data!$AD$2:$AD$3520,0,Sales_Data!$AE$2:$AE$3520,1) -> 12 | Z6: =COUNTIFS(Sales_Data!$C$2:$C$3520,$A6,Sales_Data!$AC$2:$AC$3520,1) -> 0
A7: 46228 | B7: Sat | C7: =SUMIFS(Sales_Data!$AE$2:$AE$3520,Sales_Data!$C$2:$C$3520,$A7) -> 15 | D7: =SUMIFS(Sales_Data!$M$2:$M$3520,Sales_Data!$C$2:$C$3520,$A7,Sales_Data!$AE$2:$AE$3520,1) -> 10 | E7: =SUMIFS(Sales_Data!$N$2:$N$3520,Sales_Data!$C$2:$C$3520,$A7,Sales_Data!$AE$2:$AE$3520,1) -> 7 | F7: =D7+E7 -> 17 | G7: =F7-F6 -> -26 | H7: =IF(F6=0,"-",(F7-F6)/F6) -> -0.60465116 | I7: =AVERAGE(F4:F7) -> 29.25 | J7: - | K7: =SUMIFS(Sales_Data!$AF$2:$AF$3520,Sales_Data!$C$2:$C$3520,$A7) -> 8 | L7: =IFERROR(F7/K7,0) -> 2.125 | M7: =COUNTIFS(Sales_Data!$C$2:$C$3520,$A7,Sales_Data!$U$2:$U$3520,"Yes",Sales_Data!$AE$2:$AE$3520,1) -> 0 | N7: =M7+COUNTIFS(Sales_Data!$C$2:$C$3520,$A7,Sales_Data!$U$2:$U$3520,"No",Sales_Data!$AE$2:$AE$3520,1) -> 0 | O7: =IF(N7=0,"-",M7/N7) -> - | P7: =COUNTIFS(Sales_Data!$C$2:$C$3520,$A7,Sales_Data!$W$2:$W$3520,"Yes",Sales_Data!$AE$2:$AE$3520,1) -> 0 | Q7: =P7+COUNTIFS(Sales_Data!$C$2:$C$3520,$A7,Sales_Data!$W$2:$W$3520,"No",Sales_Data!$AE$2:$AE$3520,1) -> 0 | R7: =IF(Q7=0,"-",P7/Q7) -> - | S7: =SUMIFS(Sales_Data!$P$2:$P$3520,Sales_Data!$C$2:$C$3520,$A7,Sales_Data!$AE$2:$AE$3520,1) -> 3 | T7: =SUMIFS(Sales_Data!$Q$2:$Q$3520,Sales_Data!$C$2:$C$3520,$A7,Sales_Data!$AE$2:$AE$3520,1) -> 1 | U7: =SUMIFS(Sales_Data!$R$2:$R$3520,Sales_Data!$C$2:$C$3520,$A7,Sales_Data!$AE$2:$AE$3520,1) -> 3 | V7: =SUMIFS(Sales_Data!$S$2:$S$3520,Sales_Data!$C$2:$C$3520,$A7,Sales_Data!$AE$2:$AE$3520,1) -> 0 | W7: =SUMIFS(Sales_Data!$T$2:$T$3520,Sales_Data!$C$2:$C$3520,$A7,Sales_Data!$AE$2:$AE$3520,1) -> 0 | X7: =COUNTIFS(Sales_Data!$C$2:$C$3520,$A7,Sales_Data!$X$2:$X$3520,"<>No Device",Sales_Data!$X$2:$X$3520,"<>",Sales_Data!$AE$2:$AE$3520,1) -> 0 | Y7: =COUNTIFS(Sales_Data!$C$2:$C$3520,$A7,Sales_Data!$AD$2:$AD$3520,0,Sales_Data!$AE$2:$AE$3520,1) -> 3 | Z7: =COUNTIFS(Sales_Data!$C$2:$C$3520,$A7,Sales_Data!$AC$2:$AC$3520,1) -> 0
A8: 46229 | B8: Sun | C8: =SUMIFS(Sales_Data!$AE$2:$AE$3520,Sales_Data!$C$2:$C$3520,$A8) -> 19 | D8: =SUMIFS(Sales_Data!$M$2:$M$3520,Sales_Data!$C$2:$C$3520,$A8,Sales_Data!$AE$2:$AE$3520,1) -> 3 | E8: =SUMIFS(Sales_Data!$N$2:$N$3520,Sales_Data!$C$2:$C$3520,$A8,Sales_Data!$AE$2:$AE$3520,1) -> 19 | F8: =D8+E8 -> 22 | G8: =F8-F7 -> 5 | H8: =IF(F7=0,"-",(F8-F7)/F7) -> 0.29411765 | I8: =AVERAGE(F4:F8) -> 27.8 | J8: - | K8: =SUMIFS(Sales_Data!$AF$2:$AF$3520,Sales_Data!$C$2:$C$3520,$A8) -> 9 | L8: =IFERROR(F8/K8,0) -> 2.4444444 | M8: =COUNTIFS(Sales_Data!$C$2:$C$3520,$A8,Sales_Data!$U$2:$U$3520,"Yes",Sales_Data!$AE$2:$AE$3520,1) -> 0 | N8: =M8+COUNTIFS(Sales_Data!$C$2:$C$3520,$A8,Sales_Data!$U$2:$U$3520,"No",Sales_Data!$AE$2:$AE$3520,1) -> 0 | O8: =IF(N8=0,"-",M8/N8) -> - | P8: =COUNTIFS(Sales_Data!$C$2:$C$3520,$A8,Sales_Data!$W$2:$W$3520,"Yes",Sales_Data!$AE$2:$AE$3520,1) -> 0 | Q8: =P8+COUNTIFS(Sales_Data!$C$2:$C$3520,$A8,Sales_Data!$W$2:$W$3520,"No",Sales_Data!$AE$2:$AE$3520,1) -> 0 | R8: =IF(Q8=0,"-",P8/Q8) -> - | S8: =SUMIFS(Sales_Data!$P$2:$P$3520,Sales_Data!$C$2:$C$3520,$A8,Sales_Data!$AE$2:$AE$3520,1) -> 10 | T8: =SUMIFS(Sales_Data!$Q$2:$Q$3520,Sales_Data!$C$2:$C$3520,$A8,Sales_Data!$AE$2:$AE$3520,1) -> 6 | U8: =SUMIFS(Sales_Data!$R$2:$R$3520,Sales_Data!$C$2:$C$3520,$A8,Sales_Data!$AE$2:$AE$3520,1) -> 2 | V8: =SUMIFS(Sales_Data!$S$2:$S$3520,Sales_Data!$C$2:$C$3520,$A8,Sales_Data!$AE$2:$AE$3520,1) -> 0 | W8: =SUMIFS(Sales_Data!$T$2:$T$3520,Sales_Data!$C$2:$C$3520,$A8,Sales_Data!$AE$2:$AE$3520,1) -> 1 | X8: =COUNTIFS(Sales_Data!$C$2:$C$3520,$A8,Sales_Data!$X$2:$X$3520,"<>No Device",Sales_Data!$X$2:$X$3520,"<>",Sales_Data!$AE$2:$AE$3520,1) -> 0 | Y8: =COUNTIFS(Sales_Data!$C$2:$C$3520,$A8,Sales_Data!$AD$2:$AD$3520,0,Sales_Data!$AE$2:$AE$3520,1) -> 0 | Z8: =COUNTIFS(Sales_Data!$C$2:$C$3520,$A8,Sales_Data!$AC$2:$AC$3520,1) -> 1
A9: 46230 | B9: Mon | C9: =SUMIFS(Sales_Data!$AE$2:$AE$3520,Sales_Data!$C$2:$C$3520,$A9) -> 42 | D9: =SUMIFS(Sales_Data!$M$2:$M$3520,Sales_Data!$C$2:$C$3520,$A9,Sales_Data!$AE$2:$AE$3520,1) -> 7 | E9: =SUMIFS(Sales_Data!$N$2:$N$3520,Sales_Data!$C$2:$C$3520,$A9,Sales_Data!$AE$2:$AE$3520,1) -> 41 | F9: =D9+E9 -> 48 | G9: =F9-F8 -> 26 | H9: =IF(F8=0,"-",(F9-F8)/F8) -> 1.1818182 | I9: =AVERAGE(F4:F9) -> 31.166667 | J9: - | K9: =SUMIFS(Sales_Data!$AF$2:$AF$3520,Sales_Data!$C$2:$C$3520,$A9) -> 13 | L9: =IFERROR(F9/K9,0) -> 3.6923077 | M9: =COUNTIFS(Sales_Data!$C$2:$C$3520,$A9,Sales_Data!$U$2:$U$3520,"Yes",Sales_Data!$AE$2:$AE$3520,1) -> 0 | N9: =M9+COUNTIFS(Sales_Data!$C$2:$C$3520,$A9,Sales_Data!$U$2:$U$3520,"No",Sales_Data!$AE$2:$AE$3520,1) -> 0 | O9: =IF(N9=0,"-",M9/N9) -> - | P9: =COUNTIFS(Sales_Data!$C$2:$C$3520,$A9,Sales_Data!$W$2:$W$3520,"Yes",Sales_Data!$AE$2:$AE$3520,1) -> 0 | Q9: =P9+COUNTIFS(Sales_Data!$C$2:$C$3520,$A9,Sales_Data!$W$2:$W$3520,"No",Sales_Data!$AE$2:$AE$3520,1) -> 0 | R9: =IF(Q9=0,"-",P9/Q9) -> - | S9: =SUMIFS(Sales_Data!$P$2:$P$3520,Sales_Data!$C$2:$C$3520,$A9,Sales_Data!$AE$2:$AE$3520,1) -> 22 | T9: =SUMIFS(Sales_Data!$Q$2:$Q$3520,Sales_Data!$C$2:$C$3520,$A9,Sales_Data!$AE$2:$AE$3520,1) -> 17 | U9: =SUMIFS(Sales_Data!$R$2:$R$3520,Sales_Data!$C$2:$C$3520,$A9,Sales_Data!$AE$2:$AE$3520,1) -> 1 | V9: =SUMIFS(Sales_Data!$S$2:$S$3520,Sales_Data!$C$2:$C$3520,$A9,Sales_Data!$AE$2:$AE$3520,1) -> 0 | W9: =SUMIFS(Sales_Data!$T$2:$T$3520,Sales_Data!$C$2:$C$3520,$A9,Sales_Data!$AE$2:$AE$3520,1) -> 1 | X9: =COUNTIFS(Sales_Data!$C$2:$C$3520,$A9,Sales_Data!$X$2:$X$3520,"<>No Device",Sales_Data!$X$2:$X$3520,"<>",Sales_Data!$AE$2:$AE$3520,1) -> 0 | Y9: =COUNTIFS(Sales_Data!$C$2:$C$3520,$A9,Sales_Data!$AD$2:$AD$3520,0,Sales_Data!$AE$2:$AE$3520,1) -> 10 | Z9: =COUNTIFS(Sales_Data!$C$2:$C$3520,$A9,Sales_Data!$AC$2:$AC$3520,1) -> 2
A10: 46231 | B10: Tue | C10: =SUMIFS(Sales_Data!$AE$2:$AE$3520,Sales_Data!$C$2:$C$3520,$A10) -> 39 | D10: =SUMIFS(Sales_Data!$M$2:$M$3520,Sales_Data!$C$2:$C$3520,$A10,Sales_Data!$AE$2:$AE$3520,1) -> 6 | E10: =SUMIFS(Sales_Data!$N$2:$N$3520,Sales_Data!$C$2:$C$3520,$A10,Sales_Data!$AE$2:$AE$3520,1) -> 40 | F10: =D10+E10 -> 46 | G10: =F10-F9 -> -2 | H10: =IF(F9=0,"-",(F10-F9)/F9) -> -0.041666667 | I10: =AVERAGE(F4:F10) -> 33.285714 | J10: - | K10: =SUMIFS(Sales_Data!$AF$2:$AF$3520,Sales_Data!$C$2:$C$3520,$A10) -> 15 | L10: =IFERROR(F10/K10,0) -> 3.0666667 | M10: =COUNTIFS(Sales_Data!$C$2:$C$3520,$A10,Sales_Data!$U$2:$U$3520,"Yes",Sales_Data!$AE$2:$AE$3520,1) -> 0 | N10: =M10+COUNTIFS(Sales_Data!$C$2:$C$3520,$A10,Sales_Data!$U$2:$U$3520,"No",Sales_Data!$AE$2:$AE$3520,1) -> 0 | O10: =IF(N10=0,"-",M10/N10) -> - | P10: =COUNTIFS(Sales_Data!$C$2:$C$3520,$A10,Sales_Data!$W$2:$W$3520,"Yes",Sales_Data!$AE$2:$AE$3520,1) -> 0 | Q10: =P10+COUNTIFS(Sales_Data!$C$2:$C$3520,$A10,Sales_Data!$W$2:$W$3520,"No",Sales_Data!$AE$2:$AE$3520,1) -> 0 | R10: =IF(Q10=0,"-",P10/Q10) -> - | S10: =SUMIFS(Sales_Data!$P$2:$P$3520,Sales_Data!$C$2:$C$3520,$A10,Sales_Data!$AE$2:$AE$3520,1) -> 23 | T10: =SUMIFS(Sales_Data!$Q$2:$Q$3520,Sales_Data!$C$2:$C$3520,$A10,Sales_Data!$AE$2:$AE$3520,1) -> 15 | U10: =SUMIFS(Sales_Data!$R$2:$R$3520,Sales_Data!$C$2:$C$3520,$A10,Sales_Data!$AE$2:$AE$3520,1) -> 2 | V10: =SUMIFS(Sales_Data!$S$2:$S$3520,Sales_Data!$C$2:$C$3520,$A10,Sales_Data!$AE$2:$AE$3520,1) -> 0 | W10: =SUMIFS(Sales_Data!$T$2:$T$3520,Sales_Data!$C$2:$C$3520,$A10,Sales_Data!$AE$2:$AE$3520,1) -> 0 | X10: =COUNTIFS(Sales_Data!$C$2:$C$3520,$A10,Sales_Data!$X$2:$X$3520,"<>No Device",Sales_Data!$X$2:$X$3520,"<>",Sales_Data!$AE$2:$AE$3520,1) -> 0 | Y10: =COUNTIFS(Sales_Data!$C$2:$C$3520,$A10,Sales_Data!$AD$2:$AD$3520,0,Sales_Data!$AE$2:$AE$3520,1) -> 13 | Z10: =COUNTIFS(Sales_Data!$C$2:$C$3520,$A10,Sales_Data!$AC$2:$AC$3520,1) -> 4
A11: 46232 | B11: Wed | C11: =SUMIFS(Sales_Data!$AE$2:$AE$3520,Sales_Data!$C$2:$C$3520,$A11) -> 43 | D11: =SUMIFS(Sales_Data!$M$2:$M$3520,Sales_Data!$C$2:$C$3520,$A11,Sales_Data!$AE$2:$AE$3520,1) -> 4 | E11: =SUMIFS(Sales_Data!$N$2:$N$3520,Sales_Data!$C$2:$C$3520,$A11,Sales_Data!$AE$2:$AE$3520,1) -> 44 | F11: =D11+E11 -> 48 | G11: =F11-F10 -> 2 | H11: =IF(F10=0,"-",(F11-F10)/F10) -> 0.043478261 | I11: =AVERAGE(F5:F11) -> 37.285714 | J11: =IF(F4=0,"-",(F11-F4)/F4) -> 1.4 | K11: =SUMIFS(Sales_Data!$AF$2:$AF$3520,Sales_Data!$C$2:$C$3520,$A11) -> 20 | L11: =IFERROR(F11/K11,0) -> 2.4 | M11: =COUNTIFS(Sales_Data!$C$2:$C$3520,$A11,Sales_Data!$U$2:$U$3520,"Yes",Sales_Data!$AE$2:$AE$3520,1) -> 0 | N11: =M11+COUNTIFS(Sales_Data!$C$2:$C$3520,$A11,Sales_Data!$U$2:$U$3520,"No",Sales_Data!$AE$2:$AE$3520,1) -> 0 | O11: =IF(N11=0,"-",M11/N11) -> - | P11: =COUNTIFS(Sales_Data!$C$2:$C$3520,$A11,Sales_Data!$W$2:$W$3520,"Yes",Sales_Data!$AE$2:$AE$3520,1) -> 0 | Q11: =P11+COUNTIFS(Sales_Data!$C$2:$C$3520,$A11,Sales_Data!$W$2:$W$3520,"No",Sales_Data!$AE$2:$AE$3520,1) -> 0 | R11: =IF(Q11=0,"-",P11/Q11) -> - | S11: =SUMIFS(Sales_Data!$P$2:$P$3520,Sales_Data!$C$2:$C$3520,$A11,Sales_Data!$AE$2:$AE$3520,1) -> 24 | T11: =SUMIFS(Sales_Data!$Q$2:$Q$3520,Sales_Data!$C$2:$C$3520,$A11,Sales_Data!$AE$2:$AE$3520,1) -> 18 | U11: =SUMIFS(Sales_Data!$R$2:$R$3520,Sales_Data!$C$2:$C$3520,$A11,Sales_Data!$AE$2:$AE$3520,1) -> 2 | V11: =SUMIFS(Sales_Data!$S$2:$S$3520,Sales_Data!$C$2:$C$3520,$A11,Sales_Data!$AE$2:$AE$3520,1) -> 0 | W11: =SUMIFS(Sales_Data!$T$2:$T$3520,Sales_Data!$C$2:$C$3520,$A11,Sales_Data!$AE$2:$AE$3520,1) -> 0 | X11: =COUNTIFS(Sales_Data!$C$2:$C$3520,$A11,Sales_Data!$X$2:$X$3520,"<>No Device",Sales_Data!$X$2:$X$3520,"<>",Sales_Data!$AE$2:$AE$3520,1) -> 0 | Y11: =COUNTIFS(Sales_Data!$C$2:$C$3520,$A11,Sales_Data!$AD$2:$AD$3520,0,Sales_Data!$AE$2:$AE$3520,1) -> 7 | Z11: =COUNTIFS(Sales_Data!$C$2:$C$3520,$A11,Sales_Data!$AC$2:$AC$3520,1) -> 2
A12: 46233 | B12: Thu | C12: =SUMIFS(Sales_Data!$AE$2:$AE$3520,Sales_Data!$C$2:$C$3520,$A12) -> 34 | D12: =SUMIFS(Sales_Data!$M$2:$M$3520,Sales_Data!$C$2:$C$3520,$A12,Sales_Data!$AE$2:$AE$3520,1) -> 7 | E12: =SUMIFS(Sales_Data!$N$2:$N$3520,Sales_Data!$C$2:$C$3520,$A12,Sales_Data!$AE$2:$AE$3520,1) -> 31 | F12: =D12+E12 -> 38 | G12: =F12-F11 -> -10 | H12: =IF(F11=0,"-",(F12-F11)/F11) -> -0.20833333 | I12: =AVERAGE(F6:F12) -> 37.428571 | J12: =IF(F5=0,"-",(F12-F5)/F5) -> 0.027027027 | K12: =SUMIFS(Sales_Data!$AF$2:$AF$3520,Sales_Data!$C$2:$C$3520,$A12) -> 14 | L12: =IFERROR(F12/K12,0) -> 2.7142857 | M12: =COUNTIFS(Sales_Data!$C$2:$C$3520,$A12,Sales_Data!$U$2:$U$3520,"Yes",Sales_Data!$AE$2:$AE$3520,1) -> 0 | N12: =M12+COUNTIFS(Sales_Data!$C$2:$C$3520,$A12,Sales_Data!$U$2:$U$3520,"No",Sales_Data!$AE$2:$AE$3520,1) -> 0 | O12: =IF(N12=0,"-",M12/N12) -> - | P12: =COUNTIFS(Sales_Data!$C$2:$C$3520,$A12,Sales_Data!$W$2:$W$3520,"Yes",Sales_Data!$AE$2:$AE$3520,1) -> 0 | Q12: =P12+COUNTIFS(Sales_Data!$C$2:$C$3520,$A12,Sales_Data!$W$2:$W$3520,"No",Sales_Data!$AE$2:$AE$3520,1) -> 0 | R12: =IF(Q12=0,"-",P12/Q12) -> - | S12: =SUMIFS(Sales_Data!$P$2:$P$3520,Sales_Data!$C$2:$C$3520,$A12,Sales_Data!$AE$2:$AE$3520,1) -> 15 | T12: =SUMIFS(Sales_Data!$Q$2:$Q$3520,Sales_Data!$C$2:$C$3520,$A12,Sales_Data!$AE$2:$AE$3520,1) -> 12 | U12: =SUMIFS(Sales_Data!$R$2:$R$3520,Sales_Data!$C$2:$C$3520,$A12,Sales_Data!$AE$2:$AE$3520,1) -> 3 | V12: =SUMIFS(Sales_Data!$S$2:$S$3520,Sales_Data!$C$2:$C$3520,$A12,Sales_Data!$AE$2:$AE$3520,1) -> 0 | W12: =SUMIFS(Sales_Data!$T$2:$T$3520,Sales_Data!$C$2:$C$3520,$A12,Sales_Data!$AE$2:$AE$3520,1) -> 1 | X12: =COUNTIFS(Sales_Data!$C$2:$C$3520,$A12,Sales_Data!$X$2:$X$3520,"<>No Device",Sales_Data!$X$2:$X$3520,"<>",Sales_Data!$AE$2:$AE$3520,1) -> 0 | Y12: =COUNTIFS(Sales_Data!$C$2:$C$3520,$A12,Sales_Data!$AD$2:$AD$3520,0,Sales_Data!$AE$2:$AE$3520,1) -> 13 | Z12: =COUNTIFS(Sales_Data!$C$2:$C$3520,$A12,Sales_Data!$AC$2:$AC$3520,1) -> 2
A13: 46234 | B13: Fri | C13: =SUMIFS(Sales_Data!$AE$2:$AE$3520,Sales_Data!$C$2:$C$3520,$A13) -> 34 | D13: =SUMIFS(Sales_Data!$M$2:$M$3520,Sales_Data!$C$2:$C$3520,$A13,Sales_Data!$AE$2:$AE$3520,1) -> 5 | E13: =SUMIFS(Sales_Data!$N$2:$N$3520,Sales_Data!$C$2:$C$3520,$A13,Sales_Data!$AE$2:$AE$3520,1) -> 35 | F13: =D13+E13 -> 40 | G13: =F13-F12 -> 2 | H13: =IF(F12=0,"-",(F13-F12)/F12) -> 0.052631579 | I13: =AVERAGE(F7:F13) -> 37 | J13: =IF(F6=0,"-",(F13-F6)/F6) -> -0.069767442 | K13: =SUMIFS(Sales_Data!$AF$2:$AF$3520,Sales_Data!$C$2:$C$3520,$A13) -> 18 | L13: =IFERROR(F13/K13,0) -> 2.2222222 | M13: =COUNTIFS(Sales_Data!$C$2:$C$3520,$A13,Sales_Data!$U$2:$U$3520,"Yes",Sales_Data!$AE$2:$AE$3520,1) -> 0 | N13: =M13+COUNTIFS(Sales_Data!$C$2:$C$3520,$A13,Sales_Data!$U$2:$U$3520,"No",Sales_Data!$AE$2:$AE$3520,1) -> 0 | O13: =IF(N13=0,"-",M13/N13) -> - | P13: =COUNTIFS(Sales_Data!$C$2:$C$3520,$A13,Sales_Data!$W$2:$W$3520,"Yes",Sales_Data!$AE$2:$AE$3520,1) -> 0 | Q13: =P13+COUNTIFS(Sales_Data!$C$2:$C$3520,$A13,Sales_Data!$W$2:$W$3520,"No",Sales_Data!$AE$2:$AE$3520,1) -> 0 | R13: =IF(Q13=0,"-",P13/Q13) -> - | S13: =SUMIFS(Sales_Data!$P$2:$P$3520,Sales_Data!$C$2:$C$3520,$A13,Sales_Data!$AE$2:$AE$3520,1) -> 15 | T13: =SUMIFS(Sales_Data!$Q$2:$Q$3520,Sales_Data!$C$2:$C$3520,$A13,Sales_Data!$AE$2:$AE$3520,1) -> 13 | U13: =SUMIFS(Sales_Data!$R$2:$R$3520,Sales_Data!$C$2:$C$3520,$A13,Sales_Data!$AE$2:$AE$3520,1) -> 5 | V13: =SUMIFS(Sales_Data!$S$2:$S$3520,Sales_Data!$C$2:$C$3520,$A13,Sales_Data!$AE$2:$AE$3520,1) -> 1 | W13: =SUMIFS(Sales_Data!$T$2:$T$3520,Sales_Data!$C$2:$C$3520,$A13,Sales_Data!$AE$2:$AE$3520,1) -> 1 | X13: =COUNTIFS(Sales_Data!$C$2:$C$3520,$A13,Sales_Data!$X$2:$X$3520,"<>No Device",Sales_Data!$X$2:$X$3520,"<>",Sales_Data!$AE$2:$AE$3520,1) -> 0 | Y13: =COUNTIFS(Sales_Data!$C$2:$C$3520,$A13,Sales_Data!$AD$2:$AD$3520,0,Sales_Data!$AE$2:$AE$3520,1) -> 12 | Z13: =COUNTIFS(Sales_Data!$C$2:$C$3520,$A13,Sales_Data!$AC$2:$AC$3520,1) -> 0
A14: 46235 | B14: Sat | C14: =SUMIFS(Sales_Data!$AE$2:$AE$3520,Sales_Data!$C$2:$C$3520,$A14) -> 20 | D14: =SUMIFS(Sales_Data!$M$2:$M$3520,Sales_Data!$C$2:$C$3520,$A14,Sales_Data!$AE$2:$AE$3520,1) -> 4 | E14: =SUMIFS(Sales_Data!$N$2:$N$3520,Sales_Data!$C$2:$C$3520,$A14,Sales_Data!$AE$2:$AE$3520,1) -> 21 | F14: =D14+E14 -> 25 | G14: =F14-F13 -> -15 | H14: =IF(F13=0,"-",(F14-F13)/F13) -> -0.375 | I14: =AVERAGE(F8:F14) -> 38.142857 | J14: =IF(F7=0,"-",(F14-F7)/F7) -> 0.47058824 | K14: =SUMIFS(Sales_Data!$AF$2:$AF$3520,Sales_Data!$C$2:$C$3520,$A14) -> 10 | L14: =IFERROR(F14/K14,0) -> 2.5 | M14: =COUNTIFS(Sales_Data!$C$2:$C$3520,$A14,Sales_Data!$U$2:$U$3520,"Yes",Sales_Data!$AE$2:$AE$3520,1) -> 0 | N14: =M14+COUNTIFS(Sales_Data!$C$2:$C$3520,$A14,Sales_Data!$U$2:$U$3520,"No",Sales_Data!$AE$2:$AE$3520,1) -> 0 | O14: =IF(N14=0,"-",M14/N14) -> - | P14: =COUNTIFS(Sales_Data!$C$2:$C$3520,$A14,Sales_Data!$W$2:$W$3520,"Yes",Sales_Data!$AE$2:$AE$3520,1) -> 0 | Q14: =P14+COUNTIFS(Sales_Data!$C$2:$C$3520,$A14,Sales_Data!$W$2:$W$3520,"No",Sales_Data!$AE$2:$AE$3520,1) -> 0 | R14: =IF(Q14=0,"-",P14/Q14) -> - | S14: =SUMIFS(Sales_Data!$P$2:$P$3520,Sales_Data!$C$2:$C$3520,$A14,Sales_Data!$AE$2:$AE$3520,1) -> 9 | T14: =SUMIFS(Sales_Data!$Q$2:$Q$3520,Sales_Data!$C$2:$C$3520,$A14,Sales_Data!$AE$2:$AE$3520,1) -> 8 | U14: =SUMIFS(Sales_Data!$R$2:$R$3520,Sales_Data!$C$2:$C$3520,$A14,Sales_Data!$AE$2:$AE$3520,1) -> 1 | V14: =SUMIFS(Sales_Data!$S$2:$S$3520,Sales_Data!$C$2:$C$3520,$A14,Sales_Data!$AE$2:$AE$3520,1) -> 2 | W14: =SUMIFS(Sales_Data!$T$2:$T$3520,Sales_Data!$C$2:$C$3520,$A14,Sales_Data!$AE$2:$AE$3520,1) -> 1 | X14: =COUNTIFS(Sales_Data!$C$2:$C$3520,$A14,Sales_Data!$X$2:$X$3520,"<>No Device",Sales_Data!$X$2:$X$3520,"<>",Sales_Data!$AE$2:$AE$3520,1) -> 0 | Y14: =COUNTIFS(Sales_Data!$C$2:$C$3520,$A14,Sales_Data!$AD$2:$AD$3520,0,Sales_Data!$AE$2:$AE$3520,1) -> 4 | Z14: =COUNTIFS(Sales_Data!$C$2:$C$3520,$A14,Sales_Data!$AC$2:$AC$3520,1) -> 0
A15: 46236 | B15: Sun | C15: =SUMIFS(Sales_Data!$AE$2:$AE$3520,Sales_Data!$C$2:$C$3520,$A15) -> 28 | D15: =SUMIFS(Sales_Data!$M$2:$M$3520,Sales_Data!$C$2:$C$3520,$A15,Sales_Data!$AE$2:$AE$3520,1) -> 10 | E15: =SUMIFS(Sales_Data!$N$2:$N$3520,Sales_Data!$C$2:$C$3520,$A15,Sales_Data!$AE$2:$AE$3520,1) -> 23 | F15: =D15+E15 -> 33 | G15: =F15-F14 -> 8 | H15: =IF(F14=0,"-",(F15-F14)/F14) -> 0.32 | I15: =AVERAGE(F9:F15) -> 39.714286 | J15: =IF(F8=0,"-",(F15-F8)/F8) -> 0.5 | K15: =SUMIFS(Sales_Data!$AF$2:$AF$3520,Sales_Data!$C$2:$C$3520,$A15) -> 8 | L15: =IFERROR(F15/K15,0) -> 4.125 | M15: =COUNTIFS(Sales_Data!$C$2:$C$3520,$A15,Sales_Data!$U$2:$U$3520,"Yes",Sales_Data!$AE$2:$AE$3520,1) -> 0 | N15: =M15+COUNTIFS(Sales_Data!$C$2:$C$3520,$A15,Sales_Data!$U$2:$U$3520,"No",Sales_Data!$AE$2:$AE$3520,1) -> 0 | O15: =IF(N15=0,"-",M15/N15) -> - | P15: =COUNTIFS(Sales_Data!$C$2:$C$3520,$A15,Sales_Data!$W$2:$W$3520,"Yes",Sales_Data!$AE$2:$AE$3520,1) -> 0 | Q15: =P15+COUNTIFS(Sales_Data!$C$2:$C$3520,$A15,Sales_Data!$W$2:$W$3520,"No",Sales_Data!$AE$2:$AE$3520,1) -> 0 | R15: =IF(Q15=0,"-",P15/Q15) -> - | S15: =SUMIFS(Sales_Data!$P$2:$P$3520,Sales_Data!$C$2:$C$3520,$A15,Sales_Data!$AE$2:$AE$3520,1) -> 9 | T15: =SUMIFS(Sales_Data!$Q$2:$Q$3520,Sales_Data!$C$2:$C$3520,$A15,Sales_Data!$AE$2:$AE$3520,1) -> 8 | U15: =SUMIFS(Sales_Data!$R$2:$R$3520,Sales_Data!$C$2:$C$3520,$A15,Sales_Data!$AE$2:$AE$3520,1) -> 2 | V15: =SUMIFS(Sales_Data!$S$2:$S$3520,Sales_Data!$C$2:$C$3520,$A15,Sales_Data!$AE$2:$AE$3520,1) -> 0 | W15: =SUMIFS(Sales_Data!$T$2:$T$3520,Sales_Data!$C$2:$C$3520,$A15,Sales_Data!$AE$2:$AE$3520,1) -> 4 | X15: =COUNTIFS(Sales_Data!$C$2:$C$3520,$A15,Sales_Data!$X$2:$X$3520,"<>No Device",Sales_Data!$X$2:$X$3520,"<>",Sales_Data!$AE$2:$AE$3520,1) -> 0 | Y15: =COUNTIFS(Sales_Data!$C$2:$C$3520,$A15,Sales_Data!$AD$2:$AD$3520,0,Sales_Data!$AE$2:$AE$3520,1) -> 6 | Z15: =COUNTIFS(Sales_Data!$C$2:$C$3520,$A15,Sales_Data!$AC$2:$AC$3520,1) -> 3
A16: 46237 | B16: Mon | C16: =SUMIFS(Sales_Data!$AE$2:$AE$3520,Sales_Data!$C$2:$C$3520,$A16) -> 41 | D16: =SUMIFS(Sales_Data!$M$2:$M$3520,Sales_Data!$C$2:$C$3520,$A16,Sales_Data!$AE$2:$AE$3520,1) -> 11 | E16: =SUMIFS(Sales_Data!$N$2:$N$3520,Sales_Data!$C$2:$C$3520,$A16,Sales_Data!$AE$2:$AE$3520,1) -> 35 | F16: =D16+E16 -> 46 | G16: =F16-F15 -> 13 | H16: =IF(F15=0,"-",(F16-F15)/F15) -> 0.39393939 | I16: =AVERAGE(F10:F16) -> 39.428571 | J16: =IF(F9=0,"-",(F16-F9)/F9) -> -0.041666667 | K16: =SUMIFS(Sales_Data!$AF$2:$AF$3520,Sales_Data!$C$2:$C$3520,$A16) -> 26 | L16: =IFERROR(F16/K16,0) -> 1.7692308 | M16: =COUNTIFS(Sales_Data!$C$2:$C$3520,$A16,Sales_Data!$U$2:$U$3520,"Yes",Sales_Data!$AE$2:$AE$3520,1) -> 0 | N16: =M16+COUNTIFS(Sales_Data!$C$2:$C$3520,$A16,Sales_Data!$U$2:$U$3520,"No",Sales_Data!$AE$2:$AE$3520,1) -> 0 | O16: =IF(N16=0,"-",M16/N16) -> - | P16: =COUNTIFS(Sales_Data!$C$2:$C$3520,$A16,Sales_Data!$W$2:$W$3520,"Yes",Sales_Data!$AE$2:$AE$3520,1) -> 0 | Q16: =P16+COUNTIFS(Sales_Data!$C$2:$C$3520,$A16,Sales_Data!$W$2:$W$3520,"No",Sales_Data!$AE$2:$AE$3520,1) -> 0 | R16: =IF(Q16=0,"-",P16/Q16) -> - | S16: =SUMIFS(Sales_Data!$P$2:$P$3520,Sales_Data!$C$2:$C$3520,$A16,Sales_Data!$AE$2:$AE$3520,1) -> 17 | T16: =SUMIFS(Sales_Data!$Q$2:$Q$3520,Sales_Data!$C$2:$C$3520,$A16,Sales_Data!$AE$2:$AE$3520,1) -> 9 | U16: =SUMIFS(Sales_Data!$R$2:$R$3520,Sales_Data!$C$2:$C$3520,$A16,Sales_Data!$AE$2:$AE$3520,1) -> 7 | V16: =SUMIFS(Sales_Data!$S$2:$S$3520,Sales_Data!$C$2:$C$3520,$A16,Sales_Data!$AE$2:$AE$3520,1) -> 1 | W16: =SUMIFS(Sales_Data!$T$2:$T$3520,Sales_Data!$C$2:$C$3520,$A16,Sales_Data!$AE$2:$AE$3520,1) -> 1 | X16: =COUNTIFS(Sales_Data!$C$2:$C$3520,$A16,Sales_Data!$X$2:$X$3520,"<>No Device",Sales_Data!$X$2:$X$3520,"<>",Sales_Data!$AE$2:$AE$3520,1) -> 0 | Y16: =COUNTIFS(Sales_Data!$C$2:$C$3520,$A16,Sales_Data!$AD$2:$AD$3520,0,Sales_Data!$AE$2:$AE$3520,1) -> 11 | Z16: =COUNTIFS(Sales_Data!$C$2:$C$3520,$A16,Sales_Data!$AC$2:$AC$3520,1) -> 0
A17: 46238 | B17: Tue | C17: =SUMIFS(Sales_Data!$AE$2:$AE$3520,Sales_Data!$C$2:$C$3520,$A17) -> 33 | D17: =SUMIFS(Sales_Data!$M$2:$M$3520,Sales_Data!$C$2:$C$3520,$A17,Sales_Data!$AE$2:$AE$3520,1) -> 8 | E17: =SUMIFS(Sales_Data!$N$2:$N$3520,Sales_Data!$C$2:$C$3520,$A17,Sales_Data!$AE$2:$AE$3520,1) -> 30 | F17: =D17+E17 -> 38 | G17: =F17-F16 -> -8 | H17: =IF(F16=0,"-",(F17-F16)/F16) -> -0.17391304 | I17: =AVERAGE(F11:F17) -> 38.285714 | J17: =IF(F10=0,"-",(F17-F10)/F10) -> -0.17391304 | K17: =SUMIFS(Sales_Data!$AF$2:$AF$3520,Sales_Data!$C$2:$C$3520,$A17) -> 16 | L17: =IFERROR(F17/K17,0) -> 2.375 | M17: =COUNTIFS(Sales_Data!$C$2:$C$3520,$A17,Sales_Data!$U$2:$U$3520,"Yes",Sales_Data!$AE$2:$AE$3520,1) -> 0 | N17: =M17+COUNTIFS(Sales_Data!$C$2:$C$3520,$A17,Sales_Data!$U$2:$U$3520,"No",Sales_Data!$AE$2:$AE$3520,1) -> 0 | O17: =IF(N17=0,"-",M17/N17) -> - | P17: =COUNTIFS(Sales_Data!$C$2:$C$3520,$A17,Sales_Data!$W$2:$W$3520,"Yes",Sales_Data!$AE$2:$AE$3520,1) -> 0 | Q17: =P17+COUNTIFS(Sales_Data!$C$2:$C$3520,$A17,Sales_Data!$W$2:$W$3520,"No",Sales_Data!$AE$2:$AE$3520,1) -> 0 | R17: =IF(Q17=0,"-",P17/Q17) -> - | S17: =SUMIFS(Sales_Data!$P$2:$P$3520,Sales_Data!$C$2:$C$3520,$A17,Sales_Data!$AE$2:$AE$3520,1) -> 19 | T17: =SUMIFS(Sales_Data!$Q$2:$Q$3520,Sales_Data!$C$2:$C$3520,$A17,Sales_Data!$AE$2:$AE$3520,1) -> 9 | U17: =SUMIFS(Sales_Data!$R$2:$R$3520,Sales_Data!$C$2:$C$3520,$A17,Sales_Data!$AE$2:$AE$3520,1) -> 2 | V17: =SUMIFS(Sales_Data!$S$2:$S$3520,Sales_Data!$C$2:$C$3520,$A17,Sales_Data!$AE$2:$AE$3520,1) -> 0 | W17: =SUMIFS(Sales_Data!$T$2:$T$3520,Sales_Data!$C$2:$C$3520,$A17,Sales_Data!$AE$2:$AE$3520,1) -> 0 | X17: =COUNTIFS(Sales_Data!$C$2:$C$3520,$A17,Sales_Data!$X$2:$X$3520,"<>No Device",Sales_Data!$X$2:$X$3520,"<>",Sales_Data!$AE$2:$AE$3520,1) -> 0 | Y17: =COUNTIFS(Sales_Data!$C$2:$C$3520,$A17,Sales_Data!$AD$2:$AD$3520,0,Sales_Data!$AE$2:$AE$3520,1) -> 8 | Z17: =COUNTIFS(Sales_Data!$C$2:$C$3520,$A17,Sales_Data!$AC$2:$AC$3520,1) -> 2
A18: 46239 | B18: Wed | C18: =SUMIFS(Sales_Data!$AE$2:$AE$3520,Sales_Data!$C$2:$C$3520,$A18) -> 26 | D18: =SUMIFS(Sales_Data!$M$2:$M$3520,Sales_Data!$C$2:$C$3520,$A18,Sales_Data!$AE$2:$AE$3520,1) -> 6 | E18: =SUMIFS(Sales_Data!$N$2:$N$3520,Sales_Data!$C$2:$C$3520,$A18,Sales_Data!$AE$2:$AE$3520,1) -> 24 | F18: =D18+E18 -> 30 | G18: =F18-F17 -> -8 | H18: =IF(F17=0,"-",(F18-F17)/F17) -> -0.21052632 | I18: =AVERAGE(F12:F18) -> 35.714286 | J18: =IF(F11=0,"-",(F18-F11)/F11) -> -0.375 | K18: =SUMIFS(Sales_Data!$AF$2:$AF$3520,Sales_Data!$C$2:$C$3520,$A18) -> 16 | L18: =IFERROR(F18/K18,0) -> 1.875 | M18: =COUNTIFS(Sales_Data!$C$2:$C$3520,$A18,Sales_Data!$U$2:$U$3520,"Yes",Sales_Data!$AE$2:$AE$3520,1) -> 0 | N18: =M18+COUNTIFS(Sales_Data!$C$2:$C$3520,$A18,Sales_Data!$U$2:$U$3520,"No",Sales_Data!$AE$2:$AE$3520,1) -> 0 | O18: =IF(N18=0,"-",M18/N18) -> - | P18: =COUNTIFS(Sales_Data!$C$2:$C$3520,$A18,Sales_Data!$W$2:$W$3520,"Yes",Sales_Data!$AE$2:$AE$3520,1) -> 0 | Q18: =P18+COUNTIFS(Sales_Data!$C$2:$C$3520,$A18,Sales_Data!$W$2:$W$3520,"No",Sales_Data!$AE$2:$AE$3520,1) -> 0 | R18: =IF(Q18=0,"-",P18/Q18) -> - | S18: =SUMIFS(Sales_Data!$P$2:$P$3520,Sales_Data!$C$2:$C$3520,$A18,Sales_Data!$AE$2:$AE$3520,1) -> 15 | T18: =SUMIFS(Sales_Data!$Q$2:$Q$3520,Sales_Data!$C$2:$C$3520,$A18,Sales_Data!$AE$2:$AE$3520,1) -> 5 | U18: =SUMIFS(Sales_Data!$R$2:$R$3520,Sales_Data!$C$2:$C$3520,$A18,Sales_Data!$AE$2:$AE$3520,1) -> 4 | V18: =SUMIFS(Sales_Data!$S$2:$S$3520,Sales_Data!$C$2:$C$3520,$A18,Sales_Data!$AE$2:$AE$3520,1) -> 0 | W18: =SUMIFS(Sales_Data!$T$2:$T$3520,Sales_Data!$C$2:$C$3520,$A18,Sales_Data!$AE$2:$AE$3520,1) -> 0 | X18: =COUNTIFS(Sales_Data!$C$2:$C$3520,$A18,Sales_Data!$X$2:$X$3520,"<>No Device",Sales_Data!$X$2:$X$3520,"<>",Sales_Data!$AE$2:$AE$3520,1) -> 0 | Y18: =COUNTIFS(Sales_Data!$C$2:$C$3520,$A18,Sales_Data!$AD$2:$AD$3520,0,Sales_Data!$AE$2:$AE$3520,1) -> 8 | Z18: =COUNTIFS(Sales_Data!$C$2:$C$3520,$A18,Sales_Data!$AC$2:$AC$3520,1) -> 0
